-- --------------------------------------------------------
-- 호스트:                          127.0.0.1
-- 서버 버전:                        5.1.41-community - MySQL Community Server (GPL)
-- 서버 OS:                        Win32
-- HeidiSQL 버전:                  9.4.0.5125
-- --------------------------------------------------------

/*!40101 SET @OLD_CHARACTER_SET_CLIENT=@@CHARACTER_SET_CLIENT */;
/*!40101 SET NAMES utf8 */;
/*!40014 SET @OLD_FOREIGN_KEY_CHECKS=@@FOREIGN_KEY_CHECKS, FOREIGN_KEY_CHECKS=0 */;
/*!40101 SET @OLD_SQL_MODE=@@SQL_MODE, SQL_MODE='NO_AUTO_VALUE_ON_ZERO' */;


-- compdata 데이터베이스 구조 내보내기
DROP DATABASE IF EXISTS `compdata`;
CREATE DATABASE IF NOT EXISTS `compdata` /*!40100 DEFAULT CHARACTER SET utf8 */;
USE `compdata`;

-- 테이블 compdata.code_grp_tb 구조 내보내기
DROP TABLE IF EXISTS `code_grp_tb`;
CREATE TABLE IF NOT EXISTS `code_grp_tb` (
  `CODE_GRP_ID` varchar(255) NOT NULL,
  `CODE_GRP_NM` varchar(255) DEFAULT NULL,
  PRIMARY KEY (`CODE_GRP_ID`)
) ENGINE=MyISAM DEFAULT CHARSET=utf8;

-- 테이블 데이터 compdata.code_grp_tb:11 rows 내보내기
DELETE FROM `code_grp_tb`;
/*!40000 ALTER TABLE `code_grp_tb` DISABLE KEYS */;
INSERT INTO `code_grp_tb` (`CODE_GRP_ID`, `CODE_GRP_NM`) VALUES
	('10', '제품사용상태'),
	('11', '제품A/S기간'),
	('20', '회사상태'),
	('21', '회사종류'),
	('30', '사용자상태'),
	('31', '사용자직급'),
	('32', '사용자권한'),
	('40', '지역구분 국가'),
	('41', '지역구분 지역'),
	('50', '제품부품상태'),
	('51', '제품부품품목');
/*!40000 ALTER TABLE `code_grp_tb` ENABLE KEYS */;

-- 테이블 compdata.code_tb 구조 내보내기
DROP TABLE IF EXISTS `code_tb`;
CREATE TABLE IF NOT EXISTS `code_tb` (
  `CODE_ID` varchar(255) NOT NULL,
  `CODE_NM` varchar(255) DEFAULT NULL,
  `DISPLAY_ORDER` bigint(20) DEFAULT NULL,
  `FK_CODE_GRP_ID` varchar(255) DEFAULT NULL,
  PRIMARY KEY (`CODE_ID`)
) ENGINE=MyISAM DEFAULT CHARSET=utf8;

-- 테이블 데이터 compdata.code_tb:58 rows 내보내기
DELETE FROM `code_tb`;
/*!40000 ALTER TABLE `code_tb` DISABLE KEYS */;
INSERT INTO `code_tb` (`CODE_ID`, `CODE_NM`, `DISPLAY_ORDER`, `FK_CODE_GRP_ID`) VALUES
	('10001', '등록', 1, '10'),
	('10002', '미사용', 2, '10'),
	('10003', '사용중', 3, '10'),
	('10100', '폐기', 100, '10'),
	('11001', '1년', 1, '11'),
	('11002', '2년', 1, '11'),
	('11100', '해당사항없음', 100, '11'),
	('20001', '등록', 1, '20'),
	('20100', '폐기', 100, '20'),
	('21001', '판매점', 1, '21'),
	('21002', '사용점', 2, '21'),
	('30001', '등록신청', 1, '30'),
	('30002', '등록완료', 2, '30'),
	('30100', '폐기', 100, '30'),
	('31001', '대표', 1, '31'),
	('31002', '임원', 2, '31'),
	('31003', '직원', 3, '31'),
	('31100', '기타', 100, '31'),
	('32001', '관리자', 1, '32'),
	('32002', '사용자', 2, '32'),
	('40001', '대한민국', 1, '40'),
	('41001', '서울특별시', 1, '41'),
	('41002', '부산광역시', 2, '41'),
	('41003', '인천광역시', 3, '41'),
	('41004', '대구광역시', 4, '41'),
	('41005', '대전광역시', 5, '41'),
	('41006', '광주광역시', 6, '41'),
	('41007', '울산광역시', 7, '41'),
	('41008', '세종특별자치시', 8, '41'),
	('41009', '강원도', 9, '41'),
	('41010', '경기도', 10, '41'),
	('41011', '충청남도', 11, '41'),
	('41012', '충청북도', 12, '41'),
	('41013', '경상북도', 13, '41'),
	('41014', '전라남도', 14, '41'),
	('41015', '경상남도', 15, '41'),
	('41016', '전라북도', 16, '41'),
	('41017', '제주특별자치도', 17, '41'),
	('50001', '등록', 1, '50'),
	('50100', '폐기', 100, '50'),
	('51001', '에어엔드', 1, '51'),
	('51002', '모터', 2, '51'),
	('51003', '쿨러', 3, '51'),
	('51004', '에어필터', 4, '51'),
	('51005', '오일필터', 5, '51'),
	('51006', '세퍼레이터필터', 6, '51'),
	('51007', '오일', 7, '51'),
	('51008', '흡입밸브', 8, '51'),
	('51009', 'MPV밸브', 9, '51'),
	('51010', '써모밸브', 10, '51'),
	('51011', '압력센서', 11, '51'),
	('51012', '온도센서', 12, '51'),
	('51013', '고압호스', 13, '51'),
	('51014', '라인호스', 14, '51'),
	('51015', '플렉시블호스', 15, '51'),
	('51016', '팬', 16, '51'),
	('51017', '팬모터', 17, '51'),
	('51018', '인버터', 18, '51');
/*!40000 ALTER TABLE `code_tb` ENABLE KEYS */;

-- 테이블 compdata.company_tb 구조 내보내기
DROP TABLE IF EXISTS `company_tb`;
CREATE TABLE IF NOT EXISTS `company_tb` (
  `ID` bigint(20) NOT NULL DEFAULT '0',
  `COMPANY_NM` varchar(255) DEFAULT NULL,
  `REGISTER_NUM` varchar(255) DEFAULT NULL,
  `FK_CODE_ID_STATUS` varchar(255) DEFAULT NULL,
  `FK_USER_ID_CREATE` bigint(20) DEFAULT NULL,
  `FK_USER_ID_UPDATE` bigint(20) DEFAULT NULL,
  `CREATE_TIME` datetime DEFAULT NULL,
  `UPDATE_TIME` datetime DEFAULT NULL,
  PRIMARY KEY (`ID`)
) ENGINE=MyISAM DEFAULT CHARSET=utf8;

-- 테이블 데이터 compdata.company_tb:3 rows 내보내기
DELETE FROM `company_tb`;
/*!40000 ALTER TABLE `company_tb` DISABLE KEYS */;
INSERT INTO `company_tb` (`ID`, `COMPANY_NM`, `REGISTER_NUM`, `FK_CODE_ID_STATUS`, `FK_USER_ID_CREATE`, `FK_USER_ID_UPDATE`, `CREATE_TIME`, `UPDATE_TIME`) VALUES
	(1, 'AA101직판점', 'AA102', '20001', 100, 100, '2017-10-31 13:10:17', '2017-10-31 13:10:17'),
	(2, 'AA201사용점', 'AA202', '20001', 100, 100, '2017-10-31 13:10:17', '2017-10-31 13:10:17'),
	(3, 'AA301직판점', 'AA302', '20001', 100, 100, '2017-10-31 13:10:18', '2017-10-31 13:10:18');
/*!40000 ALTER TABLE `company_tb` ENABLE KEYS */;

-- 테이블 compdata.company_type_tb 구조 내보내기
DROP TABLE IF EXISTS `company_type_tb`;
CREATE TABLE IF NOT EXISTS `company_type_tb` (
  `FK_CODE_ID_TYPE` varchar(255) NOT NULL,
  `FK_COMPANY_ID` bigint(20) NOT NULL DEFAULT '0',
  PRIMARY KEY (`FK_CODE_ID_TYPE`,`FK_COMPANY_ID`)
) ENGINE=MyISAM DEFAULT CHARSET=utf8;

-- 테이블 데이터 compdata.company_type_tb:4 rows 내보내기
DELETE FROM `company_type_tb`;
/*!40000 ALTER TABLE `company_type_tb` DISABLE KEYS */;
INSERT INTO `company_type_tb` (`FK_CODE_ID_TYPE`, `FK_COMPANY_ID`) VALUES
	('21001', 1),
	('21001', 3),
	('21002', 2),
	('21002', 3);
/*!40000 ALTER TABLE `company_type_tb` ENABLE KEYS */;

-- 테이블 compdata.comp_00_tb 구조 내보내기
DROP TABLE IF EXISTS `comp_00_tb`;
CREATE TABLE IF NOT EXISTS `comp_00_tb` (
  `FK_PRODUCT_NUMBER` varchar(255) DEFAULT NULL,
  `ID` bigint(20) NOT NULL DEFAULT '0',
  `00_00` varchar(255) DEFAULT NULL,
  `00_01` varchar(255) DEFAULT NULL,
  `00_02` varchar(255) DEFAULT NULL,
  `00_03` varchar(255) DEFAULT NULL,
  `00_04` varchar(255) DEFAULT NULL,
  `00_05` varchar(255) DEFAULT NULL,
  `00_06` varchar(255) DEFAULT NULL,
  `00_07` varchar(255) DEFAULT NULL,
  `00_08` varchar(255) DEFAULT NULL,
  `00_09` varchar(255) DEFAULT NULL,
  `00_10` varchar(255) DEFAULT NULL,
  `00_11` varchar(255) DEFAULT NULL,
  `00_12` varchar(255) DEFAULT NULL,
  `00_13` varchar(255) DEFAULT NULL,
  `SAVETIME` datetime DEFAULT NULL,
  KEY `FK_PRODUCT_NUMBER` (`FK_PRODUCT_NUMBER`)
) ENGINE=MyISAM DEFAULT CHARSET=latin1;

-- 테이블 데이터 compdata.comp_00_tb:2 rows 내보내기
DELETE FROM `comp_00_tb`;
/*!40000 ALTER TABLE `comp_00_tb` DISABLE KEYS */;
INSERT INTO `comp_00_tb` (`FK_PRODUCT_NUMBER`, `ID`, `00_00`, `00_01`, `00_02`, `00_03`, `00_04`, `00_05`, `00_06`, `00_07`, `00_08`, `00_09`, `00_10`, `00_11`, `00_12`, `00_13`, `SAVETIME`) VALUES
	('PRODUCT_NUM_1', 1, '68.0', '6.0', '25.0', '12.0', '69.0', '10.0', NULL, NULL, NULL, NULL, NULL, NULL, NULL, NULL, '2017-10-31 13:24:05'),
	('PRODUCT_NUM_2', 2, '78.0', '7.0', '55.0', '22.0', '79.0', '30.0', NULL, NULL, NULL, NULL, NULL, NULL, NULL, NULL, '2017-10-31 13:24:05');
/*!40000 ALTER TABLE `comp_00_tb` ENABLE KEYS */;

-- 테이블 compdata.comp_01_tb 구조 내보내기
DROP TABLE IF EXISTS `comp_01_tb`;
CREATE TABLE IF NOT EXISTS `comp_01_tb` (
  `FK_PRODUCT_NUMBER` varchar(255) DEFAULT NULL,
  `ID` bigint(20) NOT NULL DEFAULT '0',
  `01_00` varchar(255) DEFAULT NULL,
  `01_01` varchar(255) DEFAULT NULL,
  `01_02` varchar(255) DEFAULT NULL,
  `01_03` varchar(255) DEFAULT NULL,
  `01_04` varchar(255) DEFAULT NULL,
  `01_05` varchar(255) DEFAULT NULL,
  `01_06` varchar(255) DEFAULT NULL,
  `01_07` varchar(255) DEFAULT NULL,
  `01_08` varchar(255) DEFAULT NULL,
  `01_09` varchar(255) DEFAULT NULL,
  `SAVETIME` datetime DEFAULT NULL
) ENGINE=MyISAM DEFAULT CHARSET=latin1;

-- 테이블 데이터 compdata.comp_01_tb:259 rows 내보내기
DELETE FROM `comp_01_tb`;
/*!40000 ALTER TABLE `comp_01_tb` DISABLE KEYS */;
INSERT INTO `comp_01_tb` (`FK_PRODUCT_NUMBER`, `ID`, `01_00`, `01_01`, `01_02`, `01_03`, `01_04`, `01_05`, `01_06`, `01_07`, `01_08`, `01_09`, `SAVETIME`) VALUES
	('1', 1, '0', '0', '0', '0', '0', '0', '0', '0', '0', '2', '2017-10-18 10:44:03'),
	('1', 1, '0', '0', '0', '0', '0', '0', '0', '0', '0', '2', '2017-10-18 10:44:47'),
	('1', 1, '0', '0', '0', '0', '0', '0', '0', '0', '0', '2', '2017-10-18 10:45:32'),
	('1', 1, '0', '0', '0', '0', '0', '0', '0', '0', '0', '2', '2017-10-18 10:46:17'),
	('1', 1, '0', '0', '0', '0', '0', '0', '0', '0', '0', '2', '2017-10-18 10:47:01'),
	('1', 1, '0', '0', '0', '0', '0', '0', '0', '0', '0', '2', '2017-10-18 10:47:46'),
	('1', 1, '0', '0', '0', '0', '0', '0', '0', '0', '0', '2', '2017-10-18 10:48:31'),
	('1', 1, '0', '0', '0', '0', '0', '0', '0', '0', '0', '2', '2017-10-18 10:49:16'),
	('1', 1, '0', '0', '0', '0', '0', '0', '0', '0', '0', '2', '2017-10-18 10:50:00'),
	('1', 1, '0', '0', '0', '0', '0', '0', '0', '0', '0', '2', '2017-10-18 10:50:45'),
	('1', 1, '0', '0', '0', '0', '0', '0', '0', '0', '0', '2', '2017-10-18 10:51:30'),
	('1', 1, '0', '0', '0', '0', '0', '0', '0', '0', '0', '2', '2017-10-18 10:52:14'),
	('1', 1, '0', '0', '0', '0', '0', '0', '0', '0', '0', '2', '2017-10-18 10:52:59'),
	('1', 1, '0', '0', '0', '0', '0', '0', '0', '0', '0', '2', '2017-10-18 10:53:44'),
	('1', 1, '0', '0', '0', '0', '0', '0', '0', '0', '0', '2', '2017-10-18 10:54:29'),
	('1', 1, '0', '0', '0', '0', '0', '0', '0', '0', '0', '2', '2017-10-18 10:55:13'),
	('1', 1, '0', '0', '0', '0', '0', '0', '0', '0', '0', '2', '2017-10-18 10:55:58'),
	('1', 1, '0', '0', '0', '0', '0', '0', '0', '0', '0', '2', '2017-10-18 10:56:43'),
	('1', 1, '0', '0', '0', '0', '0', '0', '0', '0', '0', '2', '2017-10-18 10:57:27'),
	('1', 1, '0', '0', '0', '0', '0', '0', '0', '0', '0', '2', '2017-10-18 10:58:12'),
	('1', 1, '0', '0', '0', '0', '0', '0', '0', '0', '0', '2', '2017-10-18 10:58:57'),
	('1', 1, '0', '0', '0', '0', '0', '0', '0', '0', '0', '2', '2017-10-18 10:59:41'),
	('1', 1, '0', '0', '0', '0', '0', '0', '0', '0', '0', '2', '2017-10-18 11:00:26'),
	('1', 1, '0', '0', '0', '0', '0', '0', '0', '0', '0', '2', '2017-10-18 11:01:11'),
	('1', 1, '0', '0', '0', '0', '0', '0', '0', '0', '0', '2', '2017-10-18 11:01:56'),
	('1', 1, '0', '0', '0', '0', '0', '0', '0', '0', '0', '2', '2017-10-18 11:02:40'),
	('1', 1, '0', '0', '0', '0', '0', '0', '0', '0', '0', '2', '2017-10-18 11:03:25'),
	('1', 1, '0', '0', '0', '0', '0', '0', '0', '0', '0', '2', '2017-10-18 11:04:10'),
	('1', 1, '0', '0', '0', '0', '0', '0', '0', '0', '0', '2', '2017-10-18 11:04:54'),
	('1', 1, '0', '0', '0', '0', '0', '0', '0', '0', '0', '2', '2017-10-18 11:05:39'),
	('1', 1, '0', '0', '0', '0', '0', '0', '0', '0', '0', '2', '2017-10-18 11:06:24'),
	('1', 1, '0', '0', '0', '0', '0', '0', '0', '0', '0', '2', '2017-10-18 11:07:09'),
	('1', 1, '0', '0', '0', '0', '0', '0', '0', '0', '0', '2', '2017-10-18 11:07:53'),
	('1', 1, '0', '0', '0', '0', '0', '0', '0', '0', '0', '2', '2017-10-18 11:08:38'),
	('1', 1, '0', '0', '0', '0', '0', '0', '0', '0', '0', '2', '2017-10-18 11:09:23'),
	('1', 1, '0', '0', '0', '0', '0', '0', '0', '0', '0', '2', '2017-10-18 11:10:07'),
	('1', 1, '0', '0', '0', '0', '0', '0', '0', '0', '0', '2', '2017-10-18 11:10:52'),
	('1', 1, '0', '0', '0', '0', '0', '0', '0', '0', '0', '2', '2017-10-18 11:11:37'),
	('1', 1, '0', '0', '0', '0', '0', '0', '0', '0', '0', '2', '2017-10-18 11:28:15'),
	('1', 1, '0', '0', '0', '0', '0', '0', '0', '0', '0', '2', '2017-10-18 11:28:59'),
	('1', 1, '0', '0', '0', '0', '0', '0', '0', '0', '0', '2', '2017-10-18 11:29:44'),
	('1', 1, '0', '0', '0', '0', '0', '0', '0', '0', '0', '2', '2017-10-18 11:30:29'),
	('1', 1, '0', '0', '0', '0', '0', '0', '0', '0', '0', '2', '2017-10-18 11:54:20'),
	('1', 1, '0', '0', '0', '0', '0', '0', '0', '0', '0', '2', '2017-10-18 11:55:05'),
	('1', 1, '0', '0', '0', '0', '0', '0', '0', '0', '0', '2', '2017-10-18 11:55:49'),
	('1', 1, '0', '0', '0', '0', '0', '0', '0', '0', '0', '2', '2017-10-18 11:56:34'),
	('1', 1, '0', '0', '0', '0', '0', '0', '0', '0', '0', '2', '2017-10-18 11:57:19'),
	('1', 1, '0', '0', '0', '0', '0', '0', '0', '0', '0', '2', '2017-10-18 11:58:04'),
	('1', 1, '0', '0', '0', '0', '0', '0', '0', '0', '0', '2', '2017-10-18 11:58:48'),
	('1', 1, '0', '0', '0', '0', '0', '0', '0', '0', '0', '2', '2017-10-18 11:59:33'),
	('1', 1, '0', '0', '0', '0', '0', '0', '0', '0', '0', '2', '2017-10-18 12:00:18'),
	('1', 1, '0', '0', '0', '0', '0', '0', '0', '0', '0', '2', '2017-10-18 12:01:02'),
	('1', 1, '0', '0', '0', '0', '0', '0', '0', '0', '0', '2', '2017-10-18 12:01:47'),
	('1', 1, '0', '0', '0', '0', '0', '0', '0', '0', '0', '2', '2017-10-18 12:02:32'),
	('1', 1, '0', '0', '0', '0', '0', '0', '0', '0', '0', '2', '2017-10-18 12:03:16'),
	('1', 1, '0', '0', '0', '0', '0', '0', '0', '0', '0', '2', '2017-10-18 12:04:01'),
	('1', 1, '0', '0', '0', '0', '0', '0', '0', '0', '0', '2', '2017-10-18 12:04:46'),
	('1', 1, '0', '0', '0', '0', '0', '0', '0', '0', '0', '2', '2017-10-18 12:05:31'),
	('1', 1, '0', '0', '0', '0', '0', '0', '0', '0', '0', '2', '2017-10-18 12:06:15'),
	('1', 1, '0', '0', '0', '0', '0', '0', '0', '0', '0', '2', '2017-10-18 12:07:00'),
	('1', 1, '0', '0', '0', '0', '0', '0', '0', '0', '0', '2', '2017-10-18 12:07:45'),
	('1', 1, '0', '0', '0', '0', '0', '0', '0', '0', '0', '2', '2017-10-18 12:08:29'),
	('1', 1, '0', '0', '0', '0', '0', '0', '0', '0', '0', '2', '2017-10-18 12:09:14'),
	('1', 1, '0', '0', '0', '0', '0', '0', '0', '0', '0', '2', '2017-10-18 12:09:59'),
	('1', 1, '0', '0', '0', '0', '0', '0', '0', '0', '0', '2', '2017-10-18 12:10:44'),
	('1', 1, '0', '0', '0', '0', '0', '0', '0', '0', '0', '2', '2017-10-18 12:11:28'),
	('1', 1, '0', '0', '0', '0', '0', '0', '0', '0', '0', '2', '2017-10-18 12:12:13'),
	('1', 1, '0', '0', '0', '0', '0', '0', '0', '0', '0', '2', '2017-10-18 12:12:58'),
	('1', 1, '0', '0', '0', '0', '0', '0', '0', '0', '0', '2', '2017-10-18 12:13:42'),
	('1', 1, '0', '0', '0', '0', '0', '0', '0', '0', '0', '2', '2017-10-18 12:14:27'),
	('1', 1, '0', '0', '0', '0', '0', '0', '0', '0', '0', '2', '2017-10-18 12:15:12'),
	('1', 1, '0', '0', '0', '0', '0', '0', '0', '0', '0', '2', '2017-10-18 12:15:56'),
	('1', 1, '0', '0', '0', '0', '0', '0', '0', '0', '0', '2', '2017-10-18 12:16:41'),
	('1', 1, '0', '0', '0', '0', '0', '0', '0', '0', '0', '2', '2017-10-18 12:17:26'),
	('1', 1, '0', '0', '0', '0', '0', '0', '0', '0', '0', '2', '2017-10-18 12:18:11'),
	('1', 1, '0', '0', '0', '0', '0', '0', '0', '0', '0', '2', '2017-10-18 12:18:55'),
	('1', 1, '0', '0', '0', '0', '0', '0', '0', '0', '0', '2', '2017-10-18 12:19:40'),
	('1', 1, '0', '0', '0', '0', '0', '0', '0', '0', '0', '2', '2017-10-18 12:20:25'),
	('1', 1, '0', '0', '0', '0', '0', '0', '0', '0', '0', '2', '2017-10-18 12:21:09'),
	('1', 1, '0', '0', '0', '0', '0', '0', '0', '0', '0', '2', '2017-10-18 12:21:54'),
	('1', 1, '0', '0', '0', '0', '0', '0', '0', '0', '0', '2', '2017-10-18 12:22:39'),
	('1', 1, '0', '0', '0', '0', '0', '0', '0', '0', '0', '2', '2017-10-18 12:23:24'),
	('1', 1, '0', '0', '0', '0', '0', '0', '0', '0', '0', '2', '2017-10-18 12:24:08'),
	('1', 1, '0', '0', '0', '0', '0', '0', '0', '0', '0', '2', '2017-10-18 12:24:53'),
	('1', 1, '0', '0', '0', '0', '0', '0', '0', '0', '0', '2', '2017-10-18 12:25:38'),
	('1', 1, '0', '0', '0', '0', '0', '0', '0', '0', '0', '2', '2017-10-18 12:26:22'),
	('1', 1, '0', '0', '0', '0', '0', '0', '0', '0', '0', '2', '2017-10-18 12:27:07'),
	('1', 1, '0', '0', '0', '0', '0', '0', '0', '0', '0', '2', '2017-10-18 12:27:52'),
	('1', 1, '0', '0', '0', '0', '0', '0', '0', '0', '0', '2', '2017-10-18 12:28:37'),
	('1', 1, '0', '0', '0', '0', '0', '0', '0', '0', '0', '2', '2017-10-18 12:29:21'),
	('1', 1, '0', '0', '0', '0', '0', '0', '0', '0', '0', '2', '2017-10-18 12:30:06'),
	('1', 1, '0', '0', '0', '0', '0', '0', '0', '0', '0', '2', '2017-10-18 12:30:51'),
	('1', 1, '0', '0', '0', '0', '0', '0', '0', '0', '0', '2', '2017-10-18 12:31:35'),
	('1', 1, '0', '0', '0', '0', '0', '0', '0', '0', '0', '2', '2017-10-18 12:32:20'),
	('1', 1, '0', '0', '0', '0', '0', '0', '0', '0', '0', '2', '2017-10-18 12:33:05'),
	('1', 1, '0', '0', '0', '0', '0', '0', '0', '0', '0', '2', '2017-10-18 12:33:49'),
	('1', 1, '0', '0', '0', '0', '0', '0', '0', '0', '0', '2', '2017-10-18 12:41:30'),
	('1', 1, '0', '0', '0', '0', '0', '0', '0', '0', '0', '2', '2017-10-18 12:42:15'),
	('1', 1, '0', '0', '0', '0', '0', '0', '0', '0', '0', '2', '2017-10-18 12:43:00'),
	('1', 1, '0', '0', '0', '0', '0', '0', '0', '0', '0', '2', '2017-10-18 12:43:44'),
	('1', 1, '0', '0', '0', '0', '0', '0', '0', '0', '0', '2', '2017-10-18 12:44:29'),
	('1', 1, '0', '0', '0', '0', '0', '0', '0', '0', '0', '2', '2017-10-18 12:54:34'),
	('1', 1, '0', '0', '0', '0', '0', '0', '0', '0', '0', '2', '2017-10-18 12:55:18'),
	('1', 1, '0', '0', '0', '0', '0', '0', '0', '0', '0', '2', '2017-10-18 12:56:03'),
	('1', 1, '0', '0', '0', '0', '0', '0', '0', '0', '0', '2', '2017-10-18 12:56:48'),
	('1', 1, '0', '0', '0', '0', '0', '0', '0', '0', '0', '2', '2017-10-18 12:57:33'),
	('1', 1, '0', '0', '0', '0', '0', '0', '0', '0', '0', '2', '2017-10-18 13:13:51'),
	('1', 1, '0', '0', '0', '0', '0', '0', '0', '0', '0', '2', '2017-10-18 13:14:36'),
	('1', 1, '0', '0', '0', '0', '0', '0', '0', '0', '0', '2', '2017-10-18 13:15:20'),
	('1', 1, '0', '0', '0', '0', '0', '0', '0', '0', '0', '2', '2017-10-18 13:16:05'),
	('1', 1, '0', '0', '0', '0', '0', '0', '0', '0', '0', '2', '2017-10-18 13:16:50'),
	('1', 1, '0', '0', '0', '0', '0', '0', '0', '0', '0', '2', '2017-10-18 13:17:34'),
	('1', 1, '0', '0', '0', '0', '0', '0', '0', '0', '0', '2', '2017-10-18 13:18:19'),
	('1', 1, '0', '0', '0', '0', '0', '0', '0', '0', '0', '2', '2017-10-18 13:22:24'),
	('1', 1, '0', '0', '0', '0', '0', '0', '0', '0', '0', '2', '2017-10-18 13:24:36'),
	('1', 1, '0', '0', '0', '0', '0', '0', '0', '0', '0', '2', '2017-10-18 13:25:20'),
	('1', 1, '0', '0', '0', '0', '0', '0', '0', '0', '0', '2', '2017-10-18 14:22:08'),
	('1', 1, '0', '0', '0', '0', '0', '0', '0', '0', '0', '2', '2017-10-18 14:22:48'),
	('1', 1, '0', '0', '0', '0', '0', '0', '0', '0', '0', '2', '2017-10-18 14:23:28'),
	('1', 1, '0', '0', '0', '0', '0', '0', '0', '0', '0', '2', '2017-10-18 14:24:08'),
	('1', 1, '0', '0', '0', '0', '0', '0', '0', '0', '0', '2', '2017-10-18 14:24:48'),
	('1', 1, '0', '0', '0', '0', '0', '0', '0', '0', '0', '2', '2017-10-18 14:25:28'),
	('1', 1, '0', '0', '0', '0', '0', '0', '0', '0', '0', '2', '2017-10-18 14:41:53'),
	('1', 1, '0', '0', '0', '0', '0', '0', '0', '0', '0', '2', '2017-10-18 14:42:33'),
	('1', 1, '0', '0', '0', '0', '0', '0', '0', '0', '0', '2', '2017-10-18 14:43:13'),
	('1', 1, '0', '0', '0', '0', '0', '0', '0', '0', '0', '2', '2017-10-18 14:43:53'),
	('1', 1, '0', '0', '0', '0', '0', '0', '0', '0', '0', '2', '2017-10-18 14:44:33'),
	('1', 1, '0', '0', '0', '0', '0', '0', '0', '0', '0', '2', '2017-10-18 14:45:13'),
	('1', 1, '0', '0', '0', '0', '0', '0', '0', '0', '0', '2', '2017-10-18 14:51:30'),
	('1', 1, '0', '0', '0', '0', '0', '0', '0', '0', '0', '2', '2017-10-18 14:51:35'),
	('1', 1, '0', '0', '0', '0', '0', '0', '0', '0', '0', '2', '2017-10-18 14:51:40'),
	('1', 1, '0', '0', '0', '0', '0', '0', '0', '0', '0', '2', '2017-10-18 14:51:45'),
	('1', 1, '0', '0', '0', '0', '0', '0', '0', '0', '0', '2', '2017-10-18 15:06:32'),
	('1', 1, '0', '0', '0', '0', '0', '0', '0', '0', '0', '2', '2017-10-18 15:07:12'),
	('1', 1, '0', '0', '0', '0', '0', '0', '0', '0', '0', '2', '2017-10-18 15:07:52'),
	('1', 1, '0', '0', '0', '0', '0', '0', '0', '0', '0', '2', '2017-10-18 15:08:32'),
	('1', 1, '0', '0', '0', '0', '0', '0', '0', '0', '0', '2', '2017-10-18 15:09:12'),
	('1', 1, '0', '0', '0', '0', '0', '0', '0', '0', '0', '2', '2017-10-18 15:14:01'),
	('1', 1, '0', '0', '0', '0', '0', '0', '0', '0', '0', '2', '2017-10-18 15:14:41'),
	('1', 1, '0', '0', '0', '0', '0', '0', '0', '0', '0', '2', '2017-10-18 15:15:21'),
	('1', 1, '0', '0', '0', '0', '0', '0', '0', '0', '0', '2', '2017-10-18 15:16:01'),
	('1', 1, '0', '0', '0', '0', '0', '0', '0', '0', '0', '2', '2017-10-18 15:16:41'),
	('1', 1, '0', '0', '0', '0', '0', '0', '0', '0', '0', '2', '2017-10-18 15:17:21'),
	('1', 1, '0', '0', '0', '0', '0', '0', '0', '0', '0', '2', '2017-10-18 15:18:01'),
	('1', 1, '0', '0', '0', '0', '0', '0', '0', '0', '0', '2', '2017-10-18 15:18:41'),
	('1', 1, '0', '0', '0', '0', '0', '0', '0', '0', '0', '2', '2017-10-18 15:19:21'),
	('1', 1, '0', '0', '0', '0', '0', '0', '0', '0', '0', '2', '2017-10-18 15:20:01'),
	('1', 1, '0', '0', '0', '0', '0', '0', '0', '0', '0', '2', '2017-10-18 15:20:41'),
	('1', 1, '0', '0', '0', '0', '0', '0', '0', '0', '0', '2', '2017-10-18 15:21:21'),
	('1', 1, '0', '0', '0', '0', '0', '0', '0', '0', '0', '2', '2017-10-18 15:22:01'),
	('1', 1, '0', '0', '0', '0', '0', '0', '0', '0', '0', '2', '2017-10-18 15:22:41'),
	('1', 1, '0', '0', '0', '0', '0', '0', '0', '0', '0', '2', '2017-10-18 15:23:21'),
	('1', 1, '0', '0', '0', '0', '0', '0', '0', '0', '0', '2', '2017-10-18 15:24:01'),
	('1', 1, '0', '0', '0', '0', '0', '0', '0', '0', '0', '2', '2017-10-18 15:24:41'),
	('1', 1, '0', '0', '0', '0', '0', '0', '0', '0', '0', '2', '2017-10-18 15:25:21'),
	('1', 1, '0', '0', '0', '0', '0', '0', '0', '0', '0', '2', '2017-10-18 15:26:01'),
	('1', 1, '0', '0', '0', '0', '0', '0', '0', '0', '0', '2', '2017-10-18 15:26:41'),
	('1', 1, '0', '0', '0', '0', '0', '0', '0', '0', '0', '2', '2017-10-18 15:27:21'),
	('1', 1, '0', '0', '0', '0', '0', '0', '0', '0', '0', '2', '2017-10-18 15:28:01'),
	('1', 1, '0', '0', '0', '0', '0', '0', '0', '0', '0', '2', '2017-10-18 15:28:41'),
	('1', 1, '0', '0', '0', '0', '0', '0', '0', '0', '0', '2', '2017-10-18 15:29:21'),
	('1', 1, '0', '0', '0', '0', '0', '0', '0', '0', '0', '2', '2017-10-18 15:30:01'),
	('1', 1, '0', '0', '0', '0', '0', '0', '0', '0', '0', '2', '2017-10-18 15:30:41'),
	('1', 1, '0', '0', '0', '0', '0', '0', '0', '0', '0', '2', '2017-10-18 15:31:21'),
	('1', 1, '0', '0', '0', '0', '0', '0', '0', '0', '0', '2', '2017-10-18 15:32:01'),
	('1', 1, '0', '0', '0', '0', '0', '0', '0', '0', '0', '2', '2017-10-18 15:32:41'),
	('1', 1, '0', '0', '0', '0', '0', '0', '0', '0', '0', '2', '2017-10-18 15:33:48'),
	('1', 1, '0', '0', '0', '0', '0', '0', '0', '0', '0', '2', '2017-10-18 15:34:28'),
	('1', 1, '0', '0', '0', '0', '0', '0', '0', '0', '0', '2', '2017-10-18 15:35:18'),
	('1', 1, '0', '0', '0', '0', '0', '0', '0', '0', '0', '2', '2017-10-18 15:35:58'),
	('1', 1, '0', '0', '0', '0', '0', '0', '0', '0', '0', '2', '2017-10-18 15:36:38'),
	('1', 1, '0', '0', '0', '0', '0', '0', '0', '0', '0', '2', '2017-10-18 15:37:18'),
	('1', 1, '0', '0', '0', '0', '0', '0', '0', '0', '0', '2', '2017-10-18 15:37:58'),
	('1', 1, '0', '0', '0', '0', '0', '0', '0', '0', '0', '2', '2017-10-18 15:38:38'),
	('1', 1, '0', '0', '0', '0', '0', '0', '0', '0', '0', '2', '2017-10-18 15:39:18'),
	('1', 1, '0', '0', '0', '0', '0', '0', '0', '0', '0', '2', '2017-10-18 15:39:58'),
	('1', 1, '0', '0', '0', '0', '0', '0', '0', '0', '0', '2', '2017-10-18 15:40:38'),
	('1', 1, '0', '0', '0', '0', '0', '0', '0', '0', '0', '2', '2017-10-18 15:41:18'),
	('1', 1, '0', '0', '0', '0', '0', '0', '0', '0', '0', '2', '2017-10-18 15:41:58'),
	('1', 1, '0', '0', '0', '0', '0', '0', '0', '0', '0', '2', '2017-10-18 15:42:38'),
	('1', 1, '0', '0', '0', '0', '0', '0', '0', '0', '0', '2', '2017-10-18 15:43:19'),
	('1', 1, '0', '0', '0', '0', '0', '0', '0', '0', '0', '2', '2017-10-18 15:44:11'),
	('1', 1, '0', '0', '0', '0', '0', '0', '0', '0', '0', '2', '2017-10-18 15:44:51'),
	('1', 1, '0', '0', '0', '0', '0', '0', '0', '0', '0', '2', '2017-10-18 15:45:31'),
	('1', 1, '0', '0', '0', '0', '0', '0', '0', '0', '0', '2', '2017-10-18 15:46:11'),
	('1', 1, '0', '0', '0', '0', '0', '0', '0', '0', '0', '2', '2017-10-18 15:46:51'),
	('1', 1, '0', '0', '0', '0', '0', '0', '0', '0', '0', '2', '2017-10-18 15:47:31'),
	('1', 1, '0', '0', '0', '0', '0', '0', '0', '0', '0', '2', '2017-10-18 15:48:27'),
	('1', 1, '0', '0', '0', '0', '0', '0', '0', '0', '0', '2', '2017-10-18 15:49:07'),
	('1', 1, '0', '0', '0', '0', '0', '0', '0', '0', '0', '2', '2017-10-18 15:49:47'),
	('1', 1, '0', '0', '0', '0', '0', '0', '0', '0', '0', '2', '2017-10-18 15:50:27'),
	('1', 1, '0', '0', '0', '0', '0', '0', '0', '0', '0', '2', '2017-10-18 15:51:07'),
	('1', 1, '0', '0', '0', '0', '0', '0', '0', '0', '0', '2', '2017-10-18 15:51:47'),
	('1', 1, '0', '0', '0', '0', '0', '0', '0', '0', '0', '2', '2017-10-18 15:52:27'),
	('1', 1, '0', '0', '0', '0', '0', '0', '0', '0', '0', '2', '2017-10-18 15:53:17'),
	('1', 1, '0', '0', '0', '0', '0', '0', '0', '0', '0', '2', '2017-10-18 15:53:57'),
	('1', 1, '0', '0', '0', '0', '0', '0', '0', '0', '0', '2', '2017-10-18 15:54:37'),
	('1', 1, '0', '0', '0', '0', '0', '0', '0', '0', '0', '2', '2017-10-18 15:55:17'),
	('1', 1, '0', '0', '0', '0', '0', '0', '0', '0', '0', '2', '2017-10-18 15:55:57'),
	('1', 1, '0', '0', '0', '0', '0', '0', '0', '0', '0', '2', '2017-10-18 15:56:37'),
	('1', 1, '0', '0', '0', '0', '0', '0', '0', '0', '0', '2', '2017-10-18 15:57:17'),
	('1', 1, '0', '0', '0', '0', '0', '0', '0', '0', '0', '2', '2017-10-18 15:57:57'),
	('1', 1, '0', '0', '0', '0', '0', '0', '0', '0', '0', '2', '2017-10-18 15:58:37'),
	('1', 1, '0', '0', '0', '0', '0', '0', '0', '0', '0', '2', '2017-10-18 15:59:17'),
	('1', 1, '0', '0', '0', '0', '0', '0', '0', '0', '0', '2', '2017-10-18 15:59:57'),
	('1', 1, '0', '0', '0', '0', '0', '0', '0', '0', '0', '2', '2017-10-18 16:03:17'),
	('1', 1, '0', '0', '0', '0', '0', '0', '0', '0', '0', '2', '2017-10-18 16:05:56'),
	('1', 1, '0', '0', '0', '0', '0', '0', '0', '0', '0', '2', '2017-10-18 16:06:36'),
	('1', 1, '0', '0', '0', '0', '0', '0', '0', '0', '0', '2', '2017-10-18 16:07:16'),
	('1', 1, '0', '0', '0', '0', '0', '0', '0', '0', '0', '2', '2017-10-18 16:07:56'),
	('1', 1, '0', '0', '0', '0', '0', '0', '0', '0', '0', '2', '2017-10-18 16:09:04'),
	('1', 1, '0', '0', '0', '0', '0', '0', '0', '0', '0', '2', '2017-10-18 16:09:44'),
	('1', 1, '0', '0', '0', '0', '0', '0', '0', '0', '0', '2', '2017-10-18 16:10:24'),
	('1', 1, '0', '0', '0', '0', '0', '0', '0', '0', '0', '2', '2017-10-18 16:11:04'),
	('1', 1, '0', '0', '0', '0', '0', '0', '0', '0', '0', '2', '2017-10-18 16:11:44'),
	('1', 1, '0', '0', '0', '0', '0', '0', '0', '0', '0', '2', '2017-10-18 16:12:24'),
	('1', 1, '0', '0', '0', '0', '0', '0', '0', '0', '0', '2', '2017-10-18 16:13:04'),
	('1', 1, '0', '0', '0', '0', '0', '0', '0', '0', '0', '2', '2017-10-18 16:13:44'),
	('1', 1, '0', '0', '0', '0', '0', '0', '0', '0', '0', '2', '2017-10-18 16:14:24'),
	('1', 1, '0', '0', '0', '0', '0', '0', '0', '0', '0', '2', '2017-10-18 16:17:22'),
	('1', 1, '0', '0', '0', '0', '0', '0', '0', '0', '0', '2', '2017-10-18 16:18:02'),
	('1', 1, '0', '0', '0', '0', '0', '0', '0', '0', '0', '2', '2017-10-18 16:18:42'),
	('1', 1, '0', '0', '0', '0', '0', '0', '0', '0', '0', '2', '2017-10-18 16:19:22'),
	('1', 1, '0', '0', '0', '0', '0', '0', '0', '0', '0', '2', '2017-10-18 16:20:02'),
	('1', 1, '0', '0', '0', '0', '0', '0', '0', '0', '0', '2', '2017-10-18 16:20:42'),
	('1', 1, '0', '0', '0', '0', '0', '0', '0', '0', '0', '2', '2017-10-18 16:21:22'),
	('1', 1, '0', '0', '0', '0', '0', '0', '0', '0', '0', '2', '2017-10-18 16:22:02'),
	('1', 1, '0', '0', '0', '0', '0', '0', '0', '0', '0', '2', '2017-10-18 16:22:42'),
	('1', 1, '0', '0', '0', '0', '0', '0', '0', '0', '0', '2', '2017-10-18 16:23:22'),
	('1', 1, '0', '0', '0', '0', '0', '0', '0', '0', '0', '2', '2017-10-18 16:24:02'),
	('1', 1, '0', '0', '0', '0', '0', '0', '0', '0', '0', '2', '2017-10-18 16:24:42'),
	('1', 1, '0', '0', '0', '0', '0', '0', '0', '0', '0', '2', '2017-10-18 16:25:22'),
	('1', 1, '0', '0', '0', '0', '0', '0', '0', '0', '0', '2', '2017-10-18 16:26:02'),
	('1', 1, '0', '0', '0', '0', '0', '0', '0', '0', '0', '2', '2017-10-18 16:26:42'),
	('1', 1, '0', '0', '0', '0', '0', '0', '0', '0', '0', '2', '2017-10-18 16:27:22'),
	('1', 1, '0', '0', '0', '0', '0', '0', '0', '0', '0', '2', '2017-10-18 16:28:02'),
	('1', 1, '0', '0', '0', '0', '0', '0', '0', '0', '0', '2', '2017-10-18 16:28:42'),
	('1', 1, '0', '0', '0', '0', '0', '0', '0', '0', '0', '2', '2017-10-18 16:29:22'),
	('1', 1, '0', '0', '0', '0', '0', '0', '0', '0', '0', '2', '2017-10-18 16:30:02'),
	('1', 1, '0', '0', '0', '0', '0', '0', '0', '0', '0', '2', '2017-10-18 16:30:42'),
	('1', 1, '0', '0', '0', '0', '0', '0', '0', '0', '0', '2', '2017-10-18 16:31:22'),
	('1', 1, '0', '0', '0', '0', '0', '0', '0', '0', '0', '2', '2017-10-18 16:32:02'),
	('1', 1, '0', '0', '0', '0', '0', '0', '0', '0', '0', '2', '2017-10-18 16:32:42'),
	('1', 1, '0', '0', '0', '0', '0', '0', '0', '0', '0', '2', '2017-10-18 16:33:26'),
	('1', 1, '0', '0', '0', '0', '0', '0', '0', '0', '0', '2', '2017-10-18 16:34:08'),
	('1', 1, '0', '0', '0', '0', '0', '0', '0', '0', '0', '2', '2017-10-18 16:34:48'),
	('1', 1, '0', '0', '0', '0', '0', '0', '0', '0', '0', '2', '2017-10-18 16:35:28'),
	('1', 1, '0', '0', '0', '0', '0', '0', '0', '0', '0', '2', '2017-10-18 16:36:08'),
	('1', 1, '0', '0', '0', '0', '0', '0', '0', '0', '0', '2', '2017-10-18 16:36:48'),
	('1', 1, '0', '0', '0', '0', '0', '0', '0', '0', '0', '2', '2017-10-18 16:37:28'),
	('1', 1, '0', '0', '0', '0', '0', '0', '0', '0', '0', '2', '2017-10-18 16:38:13'),
	('1', 1, '0', '0', '0', '0', '0', '0', '0', '0', '0', '2', '2017-10-18 16:38:53'),
	('1', 1, '0', '0', '0', '0', '0', '0', '0', '0', '0', '2', '2017-10-18 16:39:33'),
	('1', 1, '0', '0', '0', '0', '0', '0', '0', '0', '0', '2', '2017-10-18 16:40:13'),
	('1', 1, '0', '0', '0', '0', '0', '0', '0', '0', '0', '2', '2017-10-18 16:40:53'),
	('1', 1, '0', '0', '0', '0', '0', '0', '0', '0', '0', '2', '2017-10-18 16:41:33'),
	('1', 1, '0', '0', '0', '0', '0', '0', '0', '0', '0', '2', '2017-10-18 16:42:13'),
	('PRODUCT_NUM_1', 1, '80.0', '80.0', '1000', '3000', '5000', '7000', '10000', '60.0', '80.0', '1', '2017-10-31 13:24:05'),
	('PRODUCT_NUM_2', 2, '70.0', '80.0', '2000', '4000', '6000', '8000', '20000', '70.0', '90.0', '2', '2017-10-31 13:24:05');
/*!40000 ALTER TABLE `comp_01_tb` ENABLE KEYS */;

-- 테이블 compdata.comp_02_tb 구조 내보내기
DROP TABLE IF EXISTS `comp_02_tb`;
CREATE TABLE IF NOT EXISTS `comp_02_tb` (
  `FK_PRODUCT_NUMBER` varchar(255) DEFAULT NULL,
  `ID` bigint(20) NOT NULL DEFAULT '0',
  `02_00` varchar(255) DEFAULT NULL,
  `02_01` varchar(255) DEFAULT NULL,
  `02_02` varchar(255) DEFAULT NULL,
  `02_03` varchar(255) DEFAULT NULL,
  `02_04` varchar(255) DEFAULT NULL,
  `02_05` varchar(255) DEFAULT NULL,
  `02_06` varchar(255) DEFAULT NULL,
  `SAVETIME` datetime DEFAULT NULL
) ENGINE=MyISAM DEFAULT CHARSET=latin1;

-- 테이블 데이터 compdata.comp_02_tb:254 rows 내보내기
DELETE FROM `comp_02_tb`;
/*!40000 ALTER TABLE `comp_02_tb` DISABLE KEYS */;
INSERT INTO `comp_02_tb` (`FK_PRODUCT_NUMBER`, `ID`, `02_00`, `02_01`, `02_02`, `02_03`, `02_04`, `02_05`, `02_06`, `SAVETIME`) VALUES
	('1', 1, '0', '0', '0', '0', '0', '0', '3', '2017-10-18 10:44:08'),
	('1', 1, '0', '0', '0', '0', '0', '0', '3', '2017-10-18 10:44:53'),
	('1', 1, '0', '0', '0', '0', '0', '0', '3', '2017-10-18 10:45:38'),
	('1', 1, '0', '0', '0', '0', '0', '0', '3', '2017-10-18 10:46:22'),
	('1', 1, '0', '0', '0', '0', '0', '0', '3', '2017-10-18 10:47:07'),
	('1', 1, '0', '0', '0', '0', '0', '0', '3', '2017-10-18 10:47:52'),
	('1', 1, '0', '0', '0', '0', '0', '0', '3', '2017-10-18 10:48:36'),
	('1', 1, '0', '0', '0', '0', '0', '0', '3', '2017-10-18 10:49:21'),
	('1', 1, '0', '0', '0', '0', '0', '0', '3', '2017-10-18 10:50:06'),
	('1', 1, '0', '0', '0', '0', '0', '0', '3', '2017-10-18 10:50:51'),
	('1', 1, '0', '0', '0', '0', '0', '0', '3', '2017-10-18 10:51:35'),
	('1', 1, '0', '0', '0', '0', '0', '0', '3', '2017-10-18 10:52:20'),
	('1', 1, '0', '0', '0', '0', '0', '0', '3', '2017-10-18 10:53:05'),
	('1', 1, '0', '0', '0', '0', '0', '0', '3', '2017-10-18 10:53:49'),
	('1', 1, '0', '0', '0', '0', '0', '0', '3', '2017-10-18 10:54:34'),
	('1', 1, '0', '0', '0', '0', '0', '0', '3', '2017-10-18 10:55:19'),
	('1', 1, '0', '0', '0', '0', '0', '0', '3', '2017-10-18 10:56:04'),
	('1', 1, '0', '0', '0', '0', '0', '0', '3', '2017-10-18 10:56:48'),
	('1', 1, '0', '0', '0', '0', '0', '0', '3', '2017-10-18 10:57:33'),
	('1', 1, '0', '0', '0', '0', '0', '0', '3', '2017-10-18 10:58:18'),
	('1', 1, '0', '0', '0', '0', '0', '0', '3', '2017-10-18 10:59:02'),
	('1', 1, '0', '0', '0', '0', '0', '0', '3', '2017-10-18 10:59:47'),
	('1', 1, '0', '0', '0', '0', '0', '0', '3', '2017-10-18 11:00:32'),
	('1', 1, '0', '0', '0', '0', '0', '0', '3', '2017-10-18 11:01:16'),
	('1', 1, '0', '0', '0', '0', '0', '0', '3', '2017-10-18 11:02:01'),
	('1', 1, '0', '0', '0', '0', '0', '0', '3', '2017-10-18 11:02:46'),
	('1', 1, '0', '0', '0', '0', '0', '0', '3', '2017-10-18 11:03:31'),
	('1', 1, '0', '0', '0', '0', '0', '0', '3', '2017-10-18 11:04:15'),
	('1', 1, '0', '0', '0', '0', '0', '0', '3', '2017-10-18 11:05:00'),
	('1', 1, '0', '0', '0', '0', '0', '0', '3', '2017-10-18 11:05:45'),
	('1', 1, '0', '0', '0', '0', '0', '0', '3', '2017-10-18 11:06:29'),
	('1', 1, '0', '0', '0', '0', '0', '0', '3', '2017-10-18 11:07:14'),
	('1', 1, '0', '0', '0', '0', '0', '0', '3', '2017-10-18 11:07:59'),
	('1', 1, '0', '0', '0', '0', '0', '0', '3', '2017-10-18 11:08:44'),
	('1', 1, '0', '0', '0', '0', '0', '0', '3', '2017-10-18 11:09:28'),
	('1', 1, '0', '0', '0', '0', '0', '0', '3', '2017-10-18 11:10:13'),
	('1', 1, '0', '0', '0', '0', '0', '0', '3', '2017-10-18 11:10:58'),
	('1', 1, '0', '0', '0', '0', '0', '0', '3', '2017-10-18 11:11:42'),
	('1', 1, '0', '0', '0', '0', '0', '0', '3', '2017-10-18 11:28:20'),
	('1', 1, '0', '0', '0', '0', '0', '0', '3', '2017-10-18 11:29:05'),
	('1', 1, '0', '0', '0', '0', '0', '0', '3', '2017-10-18 11:29:50'),
	('1', 1, '0', '0', '0', '0', '0', '0', '3', '2017-10-18 11:30:34'),
	('1', 1, '0', '0', '0', '0', '0', '0', '3', '2017-10-18 11:54:26'),
	('1', 1, '0', '0', '0', '0', '0', '0', '3', '2017-10-18 11:55:10'),
	('1', 1, '0', '0', '0', '0', '0', '0', '3', '2017-10-18 11:55:55'),
	('1', 1, '0', '0', '0', '0', '0', '0', '3', '2017-10-18 11:56:40'),
	('1', 1, '0', '0', '0', '0', '0', '0', '3', '2017-10-18 11:57:24'),
	('1', 1, '0', '0', '0', '0', '0', '0', '3', '2017-10-18 11:58:09'),
	('1', 1, '0', '0', '0', '0', '0', '0', '3', '2017-10-18 11:58:54'),
	('1', 1, '0', '0', '0', '0', '0', '0', '3', '2017-10-18 11:59:39'),
	('1', 1, '0', '0', '0', '0', '0', '0', '3', '2017-10-18 12:00:23'),
	('1', 1, '0', '0', '0', '0', '0', '0', '3', '2017-10-18 12:01:08'),
	('1', 1, '0', '0', '0', '0', '0', '0', '3', '2017-10-18 12:01:53'),
	('1', 1, '0', '0', '0', '0', '0', '0', '3', '2017-10-18 12:02:37'),
	('1', 1, '0', '0', '0', '0', '0', '0', '3', '2017-10-18 12:03:22'),
	('1', 1, '0', '0', '0', '0', '0', '0', '3', '2017-10-18 12:04:07'),
	('1', 1, '0', '0', '0', '0', '0', '0', '3', '2017-10-18 12:04:51'),
	('1', 1, '0', '0', '0', '0', '0', '0', '3', '2017-10-18 12:05:36'),
	('1', 1, '0', '0', '0', '0', '0', '0', '3', '2017-10-18 12:06:21'),
	('1', 1, '0', '0', '0', '0', '0', '0', '3', '2017-10-18 12:07:06'),
	('1', 1, '0', '0', '0', '0', '0', '0', '3', '2017-10-18 12:07:50'),
	('1', 1, '0', '0', '0', '0', '0', '0', '3', '2017-10-18 12:08:35'),
	('1', 1, '0', '0', '0', '0', '0', '0', '3', '2017-10-18 12:09:20'),
	('1', 1, '0', '0', '0', '0', '0', '0', '3', '2017-10-18 12:10:04'),
	('1', 1, '0', '0', '0', '0', '0', '0', '3', '2017-10-18 12:10:49'),
	('1', 1, '0', '0', '0', '0', '0', '0', '3', '2017-10-18 12:11:34'),
	('1', 1, '0', '0', '0', '0', '0', '0', '3', '2017-10-18 12:12:19'),
	('1', 1, '0', '0', '0', '0', '0', '0', '3', '2017-10-18 12:13:03'),
	('1', 1, '0', '0', '0', '0', '0', '0', '3', '2017-10-18 12:13:48'),
	('1', 1, '0', '0', '0', '0', '0', '0', '3', '2017-10-18 12:14:33'),
	('1', 1, '0', '0', '0', '0', '0', '0', '3', '2017-10-18 12:15:17'),
	('1', 1, '0', '0', '0', '0', '0', '0', '3', '2017-10-18 12:16:02'),
	('1', 1, '0', '0', '0', '0', '0', '0', '3', '2017-10-18 12:16:47'),
	('1', 1, '0', '0', '0', '0', '0', '0', '3', '2017-10-18 12:17:32'),
	('1', 1, '0', '0', '0', '0', '0', '0', '3', '2017-10-18 12:18:16'),
	('1', 1, '0', '0', '0', '0', '0', '0', '3', '2017-10-18 12:19:01'),
	('1', 1, '0', '0', '0', '0', '0', '0', '3', '2017-10-18 12:19:46'),
	('1', 1, '0', '0', '0', '0', '0', '0', '3', '2017-10-18 12:20:30'),
	('1', 1, '0', '0', '0', '0', '0', '0', '3', '2017-10-18 12:21:15'),
	('1', 1, '0', '0', '0', '0', '0', '0', '3', '2017-10-18 12:22:00'),
	('1', 1, '0', '0', '0', '0', '0', '0', '3', '2017-10-18 12:22:44'),
	('1', 1, '0', '0', '0', '0', '0', '0', '3', '2017-10-18 12:23:29'),
	('1', 1, '0', '0', '0', '0', '0', '0', '3', '2017-10-18 12:24:14'),
	('1', 1, '0', '0', '0', '0', '0', '0', '3', '2017-10-18 12:24:59'),
	('1', 1, '0', '0', '0', '0', '0', '0', '3', '2017-10-18 12:25:43'),
	('1', 1, '0', '0', '0', '0', '0', '0', '3', '2017-10-18 12:26:28'),
	('1', 1, '0', '0', '0', '0', '0', '0', '3', '2017-10-18 12:27:13'),
	('1', 1, '0', '0', '0', '0', '0', '0', '3', '2017-10-18 12:27:57'),
	('1', 1, '0', '0', '0', '0', '0', '0', '3', '2017-10-18 12:28:42'),
	('1', 1, '0', '0', '0', '0', '0', '0', '3', '2017-10-18 12:29:27'),
	('1', 1, '0', '0', '0', '0', '0', '0', '3', '2017-10-18 12:30:12'),
	('1', 1, '0', '0', '0', '0', '0', '0', '3', '2017-10-18 12:30:56'),
	('1', 1, '0', '0', '0', '0', '0', '0', '3', '2017-10-18 12:31:41'),
	('1', 1, '0', '0', '0', '0', '0', '0', '3', '2017-10-18 12:32:26'),
	('1', 1, '0', '0', '0', '0', '0', '0', '3', '2017-10-18 12:33:10'),
	('1', 1, '0', '0', '0', '0', '0', '0', '3', '2017-10-18 12:33:55'),
	('1', 1, '0', '0', '0', '0', '0', '0', '3', '2017-10-18 12:41:36'),
	('1', 1, '0', '0', '0', '0', '0', '0', '3', '2017-10-18 12:42:21'),
	('1', 1, '0', '0', '0', '0', '0', '0', '3', '2017-10-18 12:43:05'),
	('1', 1, '0', '0', '0', '0', '0', '0', '3', '2017-10-18 12:43:50'),
	('1', 1, '0', '0', '0', '0', '0', '0', '3', '2017-10-18 12:44:35'),
	('1', 1, '0', '0', '0', '0', '0', '0', '3', '2017-10-18 12:54:39'),
	('1', 1, '0', '0', '0', '0', '0', '0', '3', '2017-10-18 12:55:24'),
	('1', 1, '0', '0', '0', '0', '0', '0', '3', '2017-10-18 12:56:09'),
	('1', 1, '0', '0', '0', '0', '0', '0', '3', '2017-10-18 12:56:53'),
	('1', 1, '0', '0', '0', '0', '0', '0', '3', '2017-10-18 12:57:38'),
	('1', 1, '0', '0', '0', '0', '0', '0', '3', '2017-10-18 13:13:57'),
	('1', 1, '0', '0', '0', '0', '0', '0', '3', '2017-10-18 13:14:41'),
	('1', 1, '0', '0', '0', '0', '0', '0', '3', '2017-10-18 13:15:26'),
	('1', 1, '0', '0', '0', '0', '0', '0', '3', '2017-10-18 13:16:11'),
	('1', 1, '0', '0', '0', '0', '0', '0', '3', '2017-10-18 13:16:55'),
	('1', 1, '0', '0', '0', '0', '0', '0', '3', '2017-10-18 13:17:40'),
	('1', 1, '0', '0', '0', '0', '0', '0', '3', '2017-10-18 13:18:25'),
	('1', 1, '0', '0', '0', '0', '0', '0', '3', '2017-10-18 13:22:30'),
	('1', 1, '0', '0', '0', '0', '0', '0', '3', '2017-10-18 13:24:41'),
	('1', 1, '0', '0', '0', '0', '0', '0', '3', '2017-10-18 14:22:13'),
	('1', 1, '0', '0', '0', '0', '0', '0', '3', '2017-10-18 14:22:53'),
	('1', 1, '0', '0', '0', '0', '0', '0', '3', '2017-10-18 14:23:33'),
	('1', 1, '0', '0', '0', '0', '0', '0', '3', '2017-10-18 14:24:13'),
	('1', 1, '0', '0', '0', '0', '0', '0', '3', '2017-10-18 14:24:53'),
	('1', 1, '0', '0', '0', '0', '0', '0', '3', '2017-10-18 14:25:33'),
	('1', 1, '0', '0', '0', '0', '0', '0', '3', '2017-10-18 14:41:58'),
	('1', 1, '0', '0', '0', '0', '0', '0', '3', '2017-10-18 14:42:38'),
	('1', 1, '0', '0', '0', '0', '0', '0', '3', '2017-10-18 14:43:18'),
	('1', 1, '0', '0', '0', '0', '0', '0', '3', '2017-10-18 14:43:58'),
	('1', 1, '0', '0', '0', '0', '0', '0', '3', '2017-10-18 14:44:38'),
	('1', 1, '0', '0', '0', '0', '0', '0', '3', '2017-10-18 14:45:18'),
	('1', 1, '0', '0', '0', '0', '0', '0', '3', '2017-10-18 15:06:37'),
	('1', 1, '0', '0', '0', '0', '0', '0', '3', '2017-10-18 15:07:17'),
	('1', 1, '0', '0', '0', '0', '0', '0', '3', '2017-10-18 15:07:57'),
	('1', 1, '0', '0', '0', '0', '0', '0', '3', '2017-10-18 15:08:37'),
	('1', 1, '0', '0', '0', '0', '0', '0', '3', '2017-10-18 15:09:17'),
	('1', 1, '0', '0', '0', '0', '0', '0', '3', '2017-10-18 15:14:06'),
	('1', 1, '0', '0', '0', '0', '0', '0', '3', '2017-10-18 15:14:46'),
	('1', 1, '0', '0', '0', '0', '0', '0', '3', '2017-10-18 15:15:26'),
	('1', 1, '0', '0', '0', '0', '0', '0', '3', '2017-10-18 15:16:06'),
	('1', 1, '0', '0', '0', '0', '0', '0', '3', '2017-10-18 15:16:46'),
	('1', 1, '0', '0', '0', '0', '0', '0', '3', '2017-10-18 15:17:26'),
	('1', 1, '0', '0', '0', '0', '0', '0', '3', '2017-10-18 15:18:06'),
	('1', 1, '0', '0', '0', '0', '0', '0', '3', '2017-10-18 15:18:46'),
	('1', 1, '0', '0', '0', '0', '0', '0', '3', '2017-10-18 15:19:26'),
	('1', 1, '0', '0', '0', '0', '0', '0', '3', '2017-10-18 15:20:06'),
	('1', 1, '0', '0', '0', '0', '0', '0', '3', '2017-10-18 15:20:46'),
	('1', 1, '0', '0', '0', '0', '0', '0', '3', '2017-10-18 15:21:25'),
	('1', 1, '0', '0', '0', '0', '0', '0', '3', '2017-10-18 15:22:06'),
	('1', 1, '0', '0', '0', '0', '0', '0', '3', '2017-10-18 15:22:47'),
	('1', 1, '0', '0', '0', '0', '0', '0', '3', '2017-10-18 15:23:26'),
	('1', 1, '0', '0', '0', '0', '0', '0', '3', '2017-10-18 15:24:06'),
	('1', 1, '0', '0', '0', '0', '0', '0', '3', '2017-10-18 15:24:46'),
	('1', 1, '0', '0', '0', '0', '0', '0', '3', '2017-10-18 15:25:26'),
	('1', 1, '0', '0', '0', '0', '0', '0', '3', '2017-10-18 15:26:06'),
	('1', 1, '0', '0', '0', '0', '0', '0', '3', '2017-10-18 15:26:46'),
	('1', 1, '0', '0', '0', '0', '0', '0', '3', '2017-10-18 15:27:26'),
	('1', 1, '0', '0', '0', '0', '0', '0', '3', '2017-10-18 15:28:06'),
	('1', 1, '0', '0', '0', '0', '0', '0', '3', '2017-10-18 15:28:46'),
	('1', 1, '0', '0', '0', '0', '0', '0', '3', '2017-10-18 15:29:26'),
	('1', 1, '0', '0', '0', '0', '0', '0', '3', '2017-10-18 15:30:06'),
	('1', 1, '0', '0', '0', '0', '0', '0', '3', '2017-10-18 15:30:45'),
	('1', 1, '0', '0', '0', '0', '0', '0', '3', '2017-10-18 15:31:25'),
	('1', 1, '0', '0', '0', '0', '0', '0', '3', '2017-10-18 15:32:05'),
	('1', 1, '0', '0', '0', '0', '0', '0', '3', '2017-10-18 15:32:46'),
	('1', 1, '0', '0', '0', '0', '0', '0', '3', '2017-10-18 15:33:53'),
	('1', 1, '0', '0', '0', '0', '0', '0', '3', '2017-10-18 15:34:33'),
	('1', 1, '0', '0', '0', '0', '0', '0', '3', '2017-10-18 15:35:23'),
	('1', 1, '0', '0', '0', '0', '0', '0', '3', '2017-10-18 15:36:03'),
	('1', 1, '0', '0', '0', '0', '0', '0', '3', '2017-10-18 15:36:43'),
	('1', 1, '0', '0', '0', '0', '0', '0', '3', '2017-10-18 15:37:23'),
	('1', 1, '0', '0', '0', '0', '0', '0', '3', '2017-10-18 15:38:03'),
	('1', 1, '0', '0', '0', '0', '0', '0', '3', '2017-10-18 15:38:43'),
	('1', 1, '0', '0', '0', '0', '0', '0', '3', '2017-10-18 15:39:23'),
	('1', 1, '0', '0', '0', '0', '0', '0', '3', '2017-10-18 15:40:03'),
	('1', 1, '0', '0', '0', '0', '0', '0', '3', '2017-10-18 15:40:43'),
	('1', 1, '0', '0', '0', '0', '0', '0', '3', '2017-10-18 15:41:23'),
	('1', 1, '0', '0', '0', '0', '0', '0', '3', '2017-10-18 15:42:03'),
	('1', 1, '0', '0', '0', '0', '0', '0', '3', '2017-10-18 15:42:43'),
	('1', 1, '0', '0', '0', '0', '0', '0', '3', '2017-10-18 15:43:23'),
	('1', 1, '0', '0', '0', '0', '0', '0', '3', '2017-10-18 15:44:16'),
	('1', 1, '0', '0', '0', '0', '0', '0', '3', '2017-10-18 15:44:56'),
	('1', 1, '0', '0', '0', '0', '0', '0', '3', '2017-10-18 15:45:36'),
	('1', 1, '0', '0', '0', '0', '0', '0', '3', '2017-10-18 15:46:16'),
	('1', 1, '0', '0', '0', '0', '0', '0', '3', '2017-10-18 15:46:56'),
	('1', 1, '0', '0', '0', '0', '0', '0', '3', '2017-10-18 15:47:36'),
	('1', 1, '0', '0', '0', '0', '0', '0', '3', '2017-10-18 15:48:32'),
	('1', 1, '0', '0', '0', '0', '0', '0', '3', '2017-10-18 15:49:12'),
	('1', 1, '0', '0', '0', '0', '0', '0', '3', '2017-10-18 15:49:52'),
	('1', 1, '0', '0', '0', '0', '0', '0', '3', '2017-10-18 15:50:32'),
	('1', 1, '0', '0', '0', '0', '0', '0', '3', '2017-10-18 15:51:12'),
	('1', 1, '0', '0', '0', '0', '0', '0', '3', '2017-10-18 15:51:52'),
	('1', 1, '0', '0', '0', '0', '0', '0', '3', '2017-10-18 15:52:32'),
	('1', 1, '0', '0', '0', '0', '0', '0', '3', '2017-10-18 15:53:22'),
	('1', 1, '0', '0', '0', '0', '0', '0', '3', '2017-10-18 15:54:02'),
	('1', 1, '0', '0', '0', '0', '0', '0', '3', '2017-10-18 15:54:42'),
	('1', 1, '0', '0', '0', '0', '0', '0', '3', '2017-10-18 15:55:22'),
	('1', 1, '0', '0', '0', '0', '0', '0', '3', '2017-10-18 15:56:02'),
	('1', 1, '0', '0', '0', '0', '0', '0', '3', '2017-10-18 15:56:42'),
	('1', 1, '0', '0', '0', '0', '0', '0', '3', '2017-10-18 15:57:22'),
	('1', 1, '0', '0', '0', '0', '0', '0', '3', '2017-10-18 15:58:02'),
	('1', 1, '0', '0', '0', '0', '0', '0', '3', '2017-10-18 15:58:42'),
	('1', 1, '0', '0', '0', '0', '0', '0', '3', '2017-10-18 15:59:22'),
	('1', 1, '0', '0', '0', '0', '0', '0', '3', '2017-10-18 16:00:02'),
	('1', 1, '0', '0', '0', '0', '0', '0', '3', '2017-10-18 16:03:22'),
	('1', 1, '0', '0', '0', '0', '0', '0', '3', '2017-10-18 16:06:01'),
	('1', 1, '0', '0', '0', '0', '0', '0', '3', '2017-10-18 16:06:41'),
	('1', 1, '0', '0', '0', '0', '0', '0', '3', '2017-10-18 16:07:21'),
	('1', 1, '0', '0', '0', '0', '0', '0', '3', '2017-10-18 16:08:01'),
	('1', 1, '0', '0', '0', '0', '0', '0', '3', '2017-10-18 16:09:09'),
	('1', 1, '0', '0', '0', '0', '0', '0', '3', '2017-10-18 16:09:49'),
	('1', 1, '0', '0', '0', '0', '0', '0', '3', '2017-10-18 16:10:29'),
	('1', 1, '0', '0', '0', '0', '0', '0', '3', '2017-10-18 16:11:09'),
	('1', 1, '0', '0', '0', '0', '0', '0', '3', '2017-10-18 16:11:49'),
	('1', 1, '0', '0', '0', '0', '0', '0', '3', '2017-10-18 16:12:29'),
	('1', 1, '0', '0', '0', '0', '0', '0', '3', '2017-10-18 16:13:09'),
	('1', 1, '0', '0', '0', '0', '0', '0', '3', '2017-10-18 16:13:49'),
	('1', 1, '0', '0', '0', '0', '0', '0', '3', '2017-10-18 16:14:29'),
	('1', 1, '0', '0', '0', '0', '0', '0', '3', '2017-10-18 16:17:27'),
	('1', 1, '0', '0', '0', '0', '0', '0', '3', '2017-10-18 16:18:07'),
	('1', 1, '0', '0', '0', '0', '0', '0', '3', '2017-10-18 16:18:47'),
	('1', 1, '0', '0', '0', '0', '0', '0', '3', '2017-10-18 16:19:27'),
	('1', 1, '0', '0', '0', '0', '0', '0', '3', '2017-10-18 16:20:07'),
	('1', 1, '0', '0', '0', '0', '0', '0', '3', '2017-10-18 16:20:47'),
	('1', 1, '0', '0', '0', '0', '0', '0', '3', '2017-10-18 16:21:27'),
	('1', 1, '0', '0', '0', '0', '0', '0', '3', '2017-10-18 16:22:07'),
	('1', 1, '0', '0', '0', '0', '0', '0', '3', '2017-10-18 16:22:47'),
	('1', 1, '0', '0', '0', '0', '0', '0', '3', '2017-10-18 16:23:27'),
	('1', 1, '0', '0', '0', '0', '0', '0', '3', '2017-10-18 16:24:07'),
	('1', 1, '0', '0', '0', '0', '0', '0', '3', '2017-10-18 16:24:47'),
	('1', 1, '0', '0', '0', '0', '0', '0', '3', '2017-10-18 16:25:27'),
	('1', 1, '0', '0', '0', '0', '0', '0', '3', '2017-10-18 16:26:07'),
	('1', 1, '0', '0', '0', '0', '0', '0', '3', '2017-10-18 16:26:47'),
	('1', 1, '0', '0', '0', '0', '0', '0', '3', '2017-10-18 16:27:27'),
	('1', 1, '0', '0', '0', '0', '0', '0', '3', '2017-10-18 16:28:07'),
	('1', 1, '0', '0', '0', '0', '0', '0', '3', '2017-10-18 16:28:47'),
	('1', 1, '0', '0', '0', '0', '0', '0', '3', '2017-10-18 16:29:27'),
	('1', 1, '0', '0', '0', '0', '0', '0', '3', '2017-10-18 16:30:07'),
	('1', 1, '0', '0', '0', '0', '0', '0', '3', '2017-10-18 16:30:47'),
	('1', 1, '0', '0', '0', '0', '0', '0', '3', '2017-10-18 16:31:27'),
	('1', 1, '0', '0', '0', '0', '0', '0', '3', '2017-10-18 16:32:07'),
	('1', 1, '0', '0', '0', '0', '0', '0', '3', '2017-10-18 16:32:47'),
	('1', 1, '0', '0', '0', '0', '0', '0', '3', '2017-10-18 16:33:31'),
	('1', 1, '0', '0', '0', '0', '0', '0', '3', '2017-10-18 16:34:13'),
	('1', 1, '0', '0', '0', '0', '0', '0', '3', '2017-10-18 16:34:53'),
	('1', 1, '0', '0', '0', '0', '0', '0', '3', '2017-10-18 16:35:33'),
	('1', 1, '0', '0', '0', '0', '0', '0', '3', '2017-10-18 16:36:13'),
	('1', 1, '0', '0', '0', '0', '0', '0', '3', '2017-10-18 16:36:53'),
	('1', 1, '0', '0', '0', '0', '0', '0', '3', '2017-10-18 16:37:33'),
	('1', 1, '0', '0', '0', '0', '0', '0', '3', '2017-10-18 16:38:18'),
	('1', 1, '0', '0', '0', '0', '0', '0', '3', '2017-10-18 16:38:58'),
	('1', 1, '0', '0', '0', '0', '0', '0', '3', '2017-10-18 16:39:38'),
	('1', 1, '0', '0', '0', '0', '0', '0', '3', '2017-10-18 16:40:18'),
	('1', 1, '0', '0', '0', '0', '0', '0', '3', '2017-10-18 16:40:58'),
	('1', 1, '0', '0', '0', '0', '0', '0', '3', '2017-10-18 16:41:38'),
	('1', 1, '0', '0', '0', '0', '0', '0', '3', '2017-10-18 16:42:18'),
	('PRODUCT_NUM_1', 1, '1111', '1112', '1113', '1114', '1115', '1116', '1117', '2017-10-31 13:24:05'),
	('PRODUCT_NUM_2', 2, '2221', '2222', '2223', '2224', '2225', '2226', '2227', '2017-10-31 13:24:05');
/*!40000 ALTER TABLE `comp_02_tb` ENABLE KEYS */;

-- 테이블 compdata.comp_04_tb 구조 내보내기
DROP TABLE IF EXISTS `comp_04_tb`;
CREATE TABLE IF NOT EXISTS `comp_04_tb` (
  `FK_PRODUCT_NUMBER` varchar(255) DEFAULT NULL,
  `ID` bigint(20) NOT NULL DEFAULT '0',
  `04_00` varchar(255) DEFAULT NULL,
  `04_01` varchar(255) DEFAULT NULL,
  `04_02` varchar(255) DEFAULT NULL,
  `04_03` varchar(255) DEFAULT NULL,
  `04_04` varchar(255) DEFAULT NULL,
  `04_05` varchar(255) DEFAULT NULL,
  `SAVETIME` datetime DEFAULT NULL
) ENGINE=MyISAM DEFAULT CHARSET=latin1;

-- 테이블 데이터 compdata.comp_04_tb:246 rows 내보내기
DELETE FROM `comp_04_tb`;
/*!40000 ALTER TABLE `comp_04_tb` DISABLE KEYS */;
INSERT INTO `comp_04_tb` (`FK_PRODUCT_NUMBER`, `ID`, `04_00`, `04_01`, `04_02`, `04_03`, `04_04`, `04_05`, `SAVETIME`) VALUES
	('1', 1, '0', '0', '0', '0', '0', '4', '2017-10-18 10:44:14'),
	('1', 1, '0', '0', '0', '0', '0', '4', '2017-10-18 10:44:58'),
	('1', 1, '0', '0', '0', '0', '0', '4', '2017-10-18 10:45:43'),
	('1', 1, '0', '0', '0', '0', '0', '4', '2017-10-18 10:46:28'),
	('1', 1, '0', '0', '0', '0', '0', '4', '2017-10-18 10:47:13'),
	('1', 1, '0', '0', '0', '0', '0', '4', '2017-10-18 10:47:57'),
	('1', 1, '0', '0', '0', '0', '0', '4', '2017-10-18 10:48:42'),
	('1', 1, '0', '0', '0', '0', '0', '4', '2017-10-18 10:49:27'),
	('1', 1, '0', '0', '0', '0', '0', '4', '2017-10-18 10:50:11'),
	('1', 1, '0', '0', '0', '0', '0', '4', '2017-10-18 10:50:56'),
	('1', 1, '0', '0', '0', '0', '0', '4', '2017-10-18 10:51:41'),
	('1', 1, '0', '0', '0', '0', '0', '4', '2017-10-18 10:52:26'),
	('1', 1, '0', '0', '0', '0', '0', '4', '2017-10-18 10:53:10'),
	('1', 1, '0', '0', '0', '0', '0', '4', '2017-10-18 10:53:55'),
	('1', 1, '0', '0', '0', '0', '0', '4', '2017-10-18 10:54:40'),
	('1', 1, '0', '0', '0', '0', '0', '4', '2017-10-18 10:55:24'),
	('1', 1, '0', '0', '0', '0', '0', '4', '2017-10-18 10:56:09'),
	('1', 1, '0', '0', '0', '0', '0', '4', '2017-10-18 10:56:54'),
	('1', 1, '0', '0', '0', '0', '0', '4', '2017-10-18 10:57:39'),
	('1', 1, '0', '0', '0', '0', '0', '4', '2017-10-18 10:58:23'),
	('1', 1, '0', '0', '0', '0', '0', '4', '2017-10-18 10:59:08'),
	('1', 1, '0', '0', '0', '0', '0', '4', '2017-10-18 10:59:53'),
	('1', 1, '0', '0', '0', '0', '0', '4', '2017-10-18 11:00:37'),
	('1', 1, '0', '0', '0', '0', '0', '4', '2017-10-18 11:01:22'),
	('1', 1, '0', '0', '0', '0', '0', '4', '2017-10-18 11:02:07'),
	('1', 1, '0', '0', '0', '0', '0', '4', '2017-10-18 11:02:51'),
	('1', 1, '0', '0', '0', '0', '0', '4', '2017-10-18 11:03:36'),
	('1', 1, '0', '0', '0', '0', '0', '4', '2017-10-18 11:04:21'),
	('1', 1, '0', '0', '0', '0', '0', '4', '2017-10-18 11:05:06'),
	('1', 1, '0', '0', '0', '0', '0', '4', '2017-10-18 11:05:50'),
	('1', 1, '0', '0', '0', '0', '0', '4', '2017-10-18 11:06:35'),
	('1', 1, '0', '0', '0', '0', '0', '4', '2017-10-18 11:07:20'),
	('1', 1, '0', '0', '0', '0', '0', '4', '2017-10-18 11:08:04'),
	('1', 1, '0', '0', '0', '0', '0', '4', '2017-10-18 11:08:49'),
	('1', 1, '0', '0', '0', '0', '0', '4', '2017-10-18 11:09:34'),
	('1', 1, '0', '0', '0', '0', '0', '4', '2017-10-18 11:10:19'),
	('1', 1, '0', '0', '0', '0', '0', '4', '2017-10-18 11:11:03'),
	('1', 1, '0', '0', '0', '0', '0', '4', '2017-10-18 11:11:48'),
	('1', 1, '0', '0', '0', '0', '0', '4', '2017-10-18 11:28:26'),
	('1', 1, '0', '0', '0', '0', '0', '4', '2017-10-18 11:29:11'),
	('1', 1, '0', '0', '0', '0', '0', '4', '2017-10-18 11:29:55'),
	('1', 1, '0', '0', '0', '0', '0', '4', '2017-10-18 11:30:40'),
	('1', 1, '0', '0', '0', '0', '0', '4', '2017-10-18 11:54:31'),
	('1', 1, '0', '0', '0', '0', '0', '4', '2017-10-18 11:55:16'),
	('1', 1, '0', '0', '0', '0', '0', '4', '2017-10-18 11:56:01'),
	('1', 1, '0', '0', '0', '0', '0', '4', '2017-10-18 11:56:45'),
	('1', 1, '0', '0', '0', '0', '0', '4', '2017-10-18 11:57:30'),
	('1', 1, '0', '0', '0', '0', '0', '4', '2017-10-18 11:58:15'),
	('1', 1, '0', '0', '0', '0', '0', '4', '2017-10-18 11:58:59'),
	('1', 1, '0', '0', '0', '0', '0', '4', '2017-10-18 11:59:44'),
	('1', 1, '0', '0', '0', '0', '0', '4', '2017-10-18 12:00:29'),
	('1', 1, '0', '0', '0', '0', '0', '4', '2017-10-18 12:01:14'),
	('1', 1, '0', '0', '0', '0', '0', '4', '2017-10-18 12:01:58'),
	('1', 1, '0', '0', '0', '0', '0', '4', '2017-10-18 12:02:43'),
	('1', 1, '0', '0', '0', '0', '0', '4', '2017-10-18 12:03:28'),
	('1', 1, '0', '0', '0', '0', '0', '4', '2017-10-18 12:04:12'),
	('1', 1, '0', '0', '0', '0', '0', '4', '2017-10-18 12:04:57'),
	('1', 1, '0', '0', '0', '0', '0', '4', '2017-10-18 12:05:42'),
	('1', 1, '0', '0', '0', '0', '0', '4', '2017-10-18 12:06:26'),
	('1', 1, '0', '0', '0', '0', '0', '4', '2017-10-18 12:07:11'),
	('1', 1, '0', '0', '0', '0', '0', '4', '2017-10-18 12:07:56'),
	('1', 1, '0', '0', '0', '0', '0', '4', '2017-10-18 12:08:41'),
	('1', 1, '0', '0', '0', '0', '0', '4', '2017-10-18 12:09:25'),
	('1', 1, '0', '0', '0', '0', '0', '4', '2017-10-18 12:10:10'),
	('1', 1, '0', '0', '0', '0', '0', '4', '2017-10-18 12:10:55'),
	('1', 1, '0', '0', '0', '0', '0', '4', '2017-10-18 12:11:39'),
	('1', 1, '0', '0', '0', '0', '0', '4', '2017-10-18 12:12:24'),
	('1', 1, '0', '0', '0', '0', '0', '4', '2017-10-18 12:13:09'),
	('1', 1, '0', '0', '0', '0', '0', '4', '2017-10-18 12:13:54'),
	('1', 1, '0', '0', '0', '0', '0', '4', '2017-10-18 12:14:38'),
	('1', 1, '0', '0', '0', '0', '0', '4', '2017-10-18 12:15:23'),
	('1', 1, '0', '0', '0', '0', '0', '4', '2017-10-18 12:16:08'),
	('1', 1, '0', '0', '0', '0', '0', '4', '2017-10-18 12:16:52'),
	('1', 1, '0', '0', '0', '0', '0', '4', '2017-10-18 12:17:37'),
	('1', 1, '0', '0', '0', '0', '0', '4', '2017-10-18 12:18:22'),
	('1', 1, '0', '0', '0', '0', '0', '4', '2017-10-18 12:19:06'),
	('1', 1, '0', '0', '0', '0', '0', '4', '2017-10-18 12:19:51'),
	('1', 1, '0', '0', '0', '0', '0', '4', '2017-10-18 12:20:36'),
	('1', 1, '0', '0', '0', '0', '0', '4', '2017-10-18 12:21:21'),
	('1', 1, '0', '0', '0', '0', '0', '4', '2017-10-18 12:22:05'),
	('1', 1, '0', '0', '0', '0', '0', '4', '2017-10-18 12:22:50'),
	('1', 1, '0', '0', '0', '0', '0', '4', '2017-10-18 12:23:35'),
	('1', 1, '0', '0', '0', '0', '0', '4', '2017-10-18 12:24:19'),
	('1', 1, '0', '0', '0', '0', '0', '4', '2017-10-18 12:25:04'),
	('1', 1, '0', '0', '0', '0', '0', '4', '2017-10-18 12:25:49'),
	('1', 1, '0', '0', '0', '0', '0', '4', '2017-10-18 12:26:34'),
	('1', 1, '0', '0', '0', '0', '0', '4', '2017-10-18 12:27:18'),
	('1', 1, '0', '0', '0', '0', '0', '4', '2017-10-18 12:28:03'),
	('1', 1, '0', '0', '0', '0', '0', '4', '2017-10-18 12:28:48'),
	('1', 1, '0', '0', '0', '0', '0', '4', '2017-10-18 12:29:32'),
	('1', 1, '0', '0', '0', '0', '0', '4', '2017-10-18 12:30:17'),
	('1', 1, '0', '0', '0', '0', '0', '4', '2017-10-18 12:31:02'),
	('1', 1, '0', '0', '0', '0', '0', '4', '2017-10-18 12:31:47'),
	('1', 1, '0', '0', '0', '0', '0', '4', '2017-10-18 12:32:31'),
	('1', 1, '0', '0', '0', '0', '0', '4', '2017-10-18 12:33:16'),
	('1', 1, '0', '0', '0', '0', '0', '4', '2017-10-18 12:34:01'),
	('1', 1, '0', '0', '0', '0', '0', '4', '2017-10-18 12:41:41'),
	('1', 1, '0', '0', '0', '0', '0', '4', '2017-10-18 12:42:26'),
	('1', 1, '0', '0', '0', '0', '0', '4', '2017-10-18 12:43:11'),
	('1', 1, '0', '0', '0', '0', '0', '4', '2017-10-18 12:43:56'),
	('1', 1, '0', '0', '0', '0', '0', '4', '2017-10-18 12:44:40'),
	('1', 1, '0', '0', '0', '0', '0', '4', '2017-10-18 12:54:45'),
	('1', 1, '0', '0', '0', '0', '0', '4', '2017-10-18 12:55:30'),
	('1', 1, '0', '0', '0', '0', '0', '4', '2017-10-18 12:56:14'),
	('1', 1, '0', '0', '0', '0', '0', '4', '2017-10-18 12:56:59'),
	('1', 1, '0', '0', '0', '0', '0', '4', '2017-10-18 12:57:44'),
	('1', 1, '0', '0', '0', '0', '0', '4', '2017-10-18 13:14:02'),
	('1', 1, '0', '0', '0', '0', '0', '4', '2017-10-18 13:14:47'),
	('1', 1, '0', '0', '0', '0', '0', '4', '2017-10-18 13:15:32'),
	('1', 1, '0', '0', '0', '0', '0', '4', '2017-10-18 13:16:16'),
	('1', 1, '0', '0', '0', '0', '0', '4', '2017-10-18 13:17:01'),
	('1', 1, '0', '0', '0', '0', '0', '4', '2017-10-18 13:17:46'),
	('1', 1, '0', '0', '0', '0', '0', '4', '2017-10-18 13:22:35'),
	('1', 1, '0', '0', '0', '0', '0', '4', '2017-10-18 13:24:47'),
	('1', 1, '0', '0', '0', '0', '0', '4', '2017-10-18 14:22:18'),
	('1', 1, '0', '0', '0', '0', '0', '4', '2017-10-18 14:22:58'),
	('1', 1, '0', '0', '0', '0', '0', '4', '2017-10-18 14:23:38'),
	('1', 1, '0', '0', '0', '0', '0', '4', '2017-10-18 14:24:18'),
	('1', 1, '0', '0', '0', '0', '0', '4', '2017-10-18 14:24:58'),
	('1', 1, '0', '0', '0', '0', '0', '4', '2017-10-18 14:42:03'),
	('1', 1, '0', '0', '0', '0', '0', '4', '2017-10-18 14:42:43'),
	('1', 1, '0', '0', '0', '0', '0', '4', '2017-10-18 14:43:23'),
	('1', 1, '0', '0', '0', '0', '0', '4', '2017-10-18 14:44:03'),
	('1', 1, '0', '0', '0', '0', '0', '4', '2017-10-18 14:44:43'),
	('1', 1, '0', '0', '0', '0', '0', '4', '2017-10-18 14:45:23'),
	('1', 1, '0', '0', '0', '0', '0', '4', '2017-10-18 15:06:42'),
	('1', 1, '0', '0', '0', '0', '0', '4', '2017-10-18 15:07:22'),
	('1', 1, '0', '0', '0', '0', '0', '4', '2017-10-18 15:08:02'),
	('1', 1, '0', '0', '0', '0', '0', '4', '2017-10-18 15:08:42'),
	('1', 1, '0', '0', '0', '0', '0', '4', '2017-10-18 15:14:11'),
	('1', 1, '0', '0', '0', '0', '0', '4', '2017-10-18 15:14:51'),
	('1', 1, '0', '0', '0', '0', '0', '4', '2017-10-18 15:15:31'),
	('1', 1, '0', '0', '0', '0', '0', '4', '2017-10-18 15:16:10'),
	('1', 1, '0', '0', '0', '0', '0', '4', '2017-10-18 15:16:50'),
	('1', 1, '0', '0', '0', '0', '0', '4', '2017-10-18 15:17:30'),
	('1', 1, '0', '0', '0', '0', '0', '4', '2017-10-18 15:18:11'),
	('1', 1, '0', '0', '0', '0', '0', '4', '2017-10-18 15:18:51'),
	('1', 1, '0', '0', '0', '0', '0', '4', '2017-10-18 15:19:30'),
	('1', 1, '0', '0', '0', '0', '0', '4', '2017-10-18 15:20:10'),
	('1', 1, '0', '0', '0', '0', '0', '4', '2017-10-18 15:20:51'),
	('1', 1, '0', '0', '0', '0', '0', '4', '2017-10-18 15:21:30'),
	('1', 1, '0', '0', '0', '0', '0', '4', '2017-10-18 15:22:10'),
	('1', 1, '0', '0', '0', '0', '0', '4', '2017-10-18 15:22:51'),
	('1', 1, '0', '0', '0', '0', '0', '4', '2017-10-18 15:23:31'),
	('1', 1, '0', '0', '0', '0', '0', '4', '2017-10-18 15:24:11'),
	('1', 1, '0', '0', '0', '0', '0', '4', '2017-10-18 15:24:50'),
	('1', 1, '0', '0', '0', '0', '0', '4', '2017-10-18 15:25:31'),
	('1', 1, '0', '0', '0', '0', '0', '4', '2017-10-18 15:26:11'),
	('1', 1, '0', '0', '0', '0', '0', '4', '2017-10-18 15:26:50'),
	('1', 1, '0', '0', '0', '0', '0', '4', '2017-10-18 15:27:30'),
	('1', 1, '0', '0', '0', '0', '0', '4', '2017-10-18 15:28:10'),
	('1', 1, '0', '0', '0', '0', '0', '4', '2017-10-18 15:28:51'),
	('1', 1, '0', '0', '0', '0', '0', '4', '2017-10-18 15:29:30'),
	('1', 1, '0', '0', '0', '0', '0', '4', '2017-10-18 15:30:11'),
	('1', 1, '0', '0', '0', '0', '0', '4', '2017-10-18 15:30:51'),
	('1', 1, '0', '0', '0', '0', '0', '4', '2017-10-18 15:31:30'),
	('1', 1, '0', '0', '0', '0', '0', '4', '2017-10-18 15:32:10'),
	('1', 1, '0', '0', '0', '0', '0', '4', '2017-10-18 15:32:51'),
	('1', 1, '0', '0', '0', '0', '0', '4', '2017-10-18 15:33:58'),
	('1', 1, '0', '0', '0', '0', '0', '4', '2017-10-18 15:35:28'),
	('1', 1, '0', '0', '0', '0', '0', '4', '2017-10-18 15:36:08'),
	('1', 1, '0', '0', '0', '0', '0', '4', '2017-10-18 15:36:48'),
	('1', 1, '0', '0', '0', '0', '0', '4', '2017-10-18 15:37:28'),
	('1', 1, '0', '0', '0', '0', '0', '4', '2017-10-18 15:38:08'),
	('1', 1, '0', '0', '0', '0', '0', '4', '2017-10-18 15:38:48'),
	('1', 1, '0', '0', '0', '0', '0', '4', '2017-10-18 15:39:28'),
	('1', 1, '0', '0', '0', '0', '0', '4', '2017-10-18 15:40:08'),
	('1', 1, '0', '0', '0', '0', '0', '4', '2017-10-18 15:40:48'),
	('1', 1, '0', '0', '0', '0', '0', '4', '2017-10-18 15:41:28'),
	('1', 1, '0', '0', '0', '0', '0', '4', '2017-10-18 15:42:08'),
	('1', 1, '0', '0', '0', '0', '0', '4', '2017-10-18 15:42:48'),
	('1', 1, '0', '0', '0', '0', '0', '4', '2017-10-18 15:44:21'),
	('1', 1, '0', '0', '0', '0', '0', '4', '2017-10-18 15:45:01'),
	('1', 1, '0', '0', '0', '0', '0', '4', '2017-10-18 15:45:41'),
	('1', 1, '0', '0', '0', '0', '0', '4', '2017-10-18 15:46:21'),
	('1', 1, '0', '0', '0', '0', '0', '4', '2017-10-18 15:47:01'),
	('1', 1, '0', '0', '0', '0', '0', '4', '2017-10-18 15:47:41'),
	('1', 1, '0', '0', '0', '0', '0', '4', '2017-10-18 15:48:37'),
	('1', 1, '0', '0', '0', '0', '0', '4', '2017-10-18 15:49:17'),
	('1', 1, '0', '0', '0', '0', '0', '4', '2017-10-18 15:49:57'),
	('1', 1, '0', '0', '0', '0', '0', '4', '2017-10-18 15:50:37'),
	('1', 1, '0', '0', '0', '0', '0', '4', '2017-10-18 15:51:17'),
	('1', 1, '0', '0', '0', '0', '0', '4', '2017-10-18 15:51:57'),
	('1', 1, '0', '0', '0', '0', '0', '4', '2017-10-18 15:52:37'),
	('1', 1, '0', '0', '0', '0', '0', '4', '2017-10-18 15:53:27'),
	('1', 1, '0', '0', '0', '0', '0', '4', '2017-10-18 15:54:07'),
	('1', 1, '0', '0', '0', '0', '0', '4', '2017-10-18 15:54:47'),
	('1', 1, '0', '0', '0', '0', '0', '4', '2017-10-18 15:55:27'),
	('1', 1, '0', '0', '0', '0', '0', '4', '2017-10-18 15:56:07'),
	('1', 1, '0', '0', '0', '0', '0', '4', '2017-10-18 15:56:47'),
	('1', 1, '0', '0', '0', '0', '0', '4', '2017-10-18 15:57:27'),
	('1', 1, '0', '0', '0', '0', '0', '4', '2017-10-18 15:58:07'),
	('1', 1, '0', '0', '0', '0', '0', '4', '2017-10-18 15:58:47'),
	('1', 1, '0', '0', '0', '0', '0', '4', '2017-10-18 15:59:27'),
	('1', 1, '0', '0', '0', '0', '0', '4', '2017-10-18 16:03:27'),
	('1', 1, '0', '0', '0', '0', '0', '4', '2017-10-18 16:06:06'),
	('1', 1, '0', '0', '0', '0', '0', '4', '2017-10-18 16:06:46'),
	('1', 1, '0', '0', '0', '0', '0', '4', '2017-10-18 16:07:26'),
	('1', 1, '0', '0', '0', '0', '0', '4', '2017-10-18 16:08:06'),
	('1', 1, '0', '0', '0', '0', '0', '4', '2017-10-18 16:09:14'),
	('1', 1, '0', '0', '0', '0', '0', '4', '2017-10-18 16:09:54'),
	('1', 1, '0', '0', '0', '0', '0', '4', '2017-10-18 16:10:34'),
	('1', 1, '0', '0', '0', '0', '0', '4', '2017-10-18 16:11:14'),
	('1', 1, '0', '0', '0', '0', '0', '4', '2017-10-18 16:11:54'),
	('1', 1, '0', '0', '0', '0', '0', '4', '2017-10-18 16:12:34'),
	('1', 1, '0', '0', '0', '0', '0', '4', '2017-10-18 16:13:14'),
	('1', 1, '0', '0', '0', '0', '0', '4', '2017-10-18 16:13:54'),
	('1', 1, '0', '0', '0', '0', '0', '4', '2017-10-18 16:14:34'),
	('1', 1, '0', '0', '0', '0', '0', '4', '2017-10-18 16:17:32'),
	('1', 1, '0', '0', '0', '0', '0', '4', '2017-10-18 16:18:12'),
	('1', 1, '0', '0', '0', '0', '0', '4', '2017-10-18 16:18:52'),
	('1', 1, '0', '0', '0', '0', '0', '4', '2017-10-18 16:19:32'),
	('1', 1, '0', '0', '0', '0', '0', '4', '2017-10-18 16:20:12'),
	('1', 1, '0', '0', '0', '0', '0', '4', '2017-10-18 16:20:52'),
	('1', 1, '0', '0', '0', '0', '0', '4', '2017-10-18 16:21:32'),
	('1', 1, '0', '0', '0', '0', '0', '4', '2017-10-18 16:22:13'),
	('1', 1, '0', '0', '0', '0', '0', '4', '2017-10-18 16:22:52'),
	('1', 1, '0', '0', '0', '0', '0', '4', '2017-10-18 16:23:32'),
	('1', 1, '0', '0', '0', '0', '0', '4', '2017-10-18 16:24:12'),
	('1', 1, '0', '0', '0', '0', '0', '4', '2017-10-18 16:24:52'),
	('1', 1, '0', '0', '0', '0', '0', '4', '2017-10-18 16:25:32'),
	('1', 1, '0', '0', '0', '0', '0', '4', '2017-10-18 16:26:12'),
	('1', 1, '0', '0', '0', '0', '0', '4', '2017-10-18 16:26:52'),
	('1', 1, '0', '0', '0', '0', '0', '4', '2017-10-18 16:27:32'),
	('1', 1, '0', '0', '0', '0', '0', '4', '2017-10-18 16:28:12'),
	('1', 1, '0', '0', '0', '0', '0', '4', '2017-10-18 16:28:52'),
	('1', 1, '0', '0', '0', '0', '0', '4', '2017-10-18 16:29:32'),
	('1', 1, '0', '0', '0', '0', '0', '4', '2017-10-18 16:30:12'),
	('1', 1, '0', '0', '0', '0', '0', '4', '2017-10-18 16:30:52'),
	('1', 1, '0', '0', '0', '0', '0', '4', '2017-10-18 16:31:32'),
	('1', 1, '0', '0', '0', '0', '0', '4', '2017-10-18 16:32:12'),
	('1', 1, '0', '0', '0', '0', '0', '4', '2017-10-18 16:33:36'),
	('1', 1, '0', '0', '0', '0', '0', '4', '2017-10-18 16:34:18'),
	('1', 1, '0', '0', '0', '0', '0', '4', '2017-10-18 16:34:58'),
	('1', 1, '0', '0', '0', '0', '0', '4', '2017-10-18 16:35:38'),
	('1', 1, '0', '0', '0', '0', '0', '4', '2017-10-18 16:36:18'),
	('1', 1, '0', '0', '0', '0', '0', '4', '2017-10-18 16:36:58'),
	('1', 1, '0', '0', '0', '0', '0', '4', '2017-10-18 16:38:23'),
	('1', 1, '0', '0', '0', '0', '0', '4', '2017-10-18 16:39:03'),
	('1', 1, '0', '0', '0', '0', '0', '4', '2017-10-18 16:39:43'),
	('1', 1, '0', '0', '0', '0', '0', '4', '2017-10-18 16:40:23'),
	('1', 1, '0', '0', '0', '0', '0', '4', '2017-10-18 16:41:03'),
	('1', 1, '0', '0', '0', '0', '0', '4', '2017-10-18 16:41:43'),
	('1', 1, '0', '0', '0', '0', '0', '4', '2017-10-18 16:42:23'),
	('PRODUCT_NUM_1', 0, '80.0', '20.0', '85.0', '25.0', '15.0', '45.0', '2017-10-31 15:47:59'),
	('PRODUCT_NUM_2', 0, '70.0', '20.0', '85.0', '25.0', '15.0', '45.0', '2017-10-31 15:47:59');
/*!40000 ALTER TABLE `comp_04_tb` ENABLE KEYS */;

-- 테이블 compdata.comp_05_tb 구조 내보내기
DROP TABLE IF EXISTS `comp_05_tb`;
CREATE TABLE IF NOT EXISTS `comp_05_tb` (
  `FK_PRODUCT_NUMBER` varchar(255) DEFAULT NULL,
  `ID` bigint(20) NOT NULL DEFAULT '0',
  `05_00` varchar(255) DEFAULT NULL,
  `05_01` varchar(255) DEFAULT NULL,
  `05_02` varchar(255) DEFAULT NULL,
  `05_03` varchar(255) DEFAULT NULL,
  `05_04` varchar(255) DEFAULT NULL,
  `SAVETIME` datetime DEFAULT NULL
) ENGINE=MyISAM DEFAULT CHARSET=latin1;

-- 테이블 데이터 compdata.comp_05_tb:244 rows 내보내기
DELETE FROM `comp_05_tb`;
/*!40000 ALTER TABLE `comp_05_tb` DISABLE KEYS */;
INSERT INTO `comp_05_tb` (`FK_PRODUCT_NUMBER`, `ID`, `05_00`, `05_01`, `05_02`, `05_03`, `05_04`, `SAVETIME`) VALUES
	('1', 1, '0', '0', '0', '0', '5', '2017-10-18 10:44:19'),
	('1', 1, '0', '0', '0', '0', '5', '2017-10-18 10:45:04'),
	('1', 1, '0', '0', '0', '0', '5', '2017-10-18 10:45:49'),
	('1', 1, '0', '0', '0', '0', '5', '2017-10-18 10:46:33'),
	('1', 1, '0', '0', '0', '0', '5', '2017-10-18 10:47:18'),
	('1', 1, '0', '0', '0', '0', '5', '2017-10-18 10:48:03'),
	('1', 1, '0', '0', '0', '0', '5', '2017-10-18 10:48:48'),
	('1', 1, '0', '0', '0', '0', '5', '2017-10-18 10:49:32'),
	('1', 1, '0', '0', '0', '0', '5', '2017-10-18 10:50:17'),
	('1', 1, '0', '0', '0', '0', '5', '2017-10-18 10:51:02'),
	('1', 1, '0', '0', '0', '0', '5', '2017-10-18 10:51:46'),
	('1', 1, '0', '0', '0', '0', '5', '2017-10-18 10:52:31'),
	('1', 1, '0', '0', '0', '0', '5', '2017-10-18 10:53:16'),
	('1', 1, '0', '0', '0', '0', '5', '2017-10-18 10:54:01'),
	('1', 1, '0', '0', '0', '0', '5', '2017-10-18 10:54:45'),
	('1', 1, '0', '0', '0', '0', '5', '2017-10-18 10:55:30'),
	('1', 1, '0', '0', '0', '0', '5', '2017-10-18 10:56:15'),
	('1', 1, '0', '0', '0', '0', '5', '2017-10-18 10:56:59'),
	('1', 1, '0', '0', '0', '0', '5', '2017-10-18 10:57:44'),
	('1', 1, '0', '0', '0', '0', '5', '2017-10-18 10:58:29'),
	('1', 1, '0', '0', '0', '0', '5', '2017-10-18 10:59:14'),
	('1', 1, '0', '0', '0', '0', '5', '2017-10-18 10:59:58'),
	('1', 1, '0', '0', '0', '0', '5', '2017-10-18 11:00:43'),
	('1', 1, '0', '0', '0', '0', '5', '2017-10-18 11:01:28'),
	('1', 1, '0', '0', '0', '0', '5', '2017-10-18 11:02:12'),
	('1', 1, '0', '0', '0', '0', '5', '2017-10-18 11:02:57'),
	('1', 1, '0', '0', '0', '0', '5', '2017-10-18 11:03:42'),
	('1', 1, '0', '0', '0', '0', '5', '2017-10-18 11:04:26'),
	('1', 1, '0', '0', '0', '0', '5', '2017-10-18 11:05:11'),
	('1', 1, '0', '0', '0', '0', '5', '2017-10-18 11:05:56'),
	('1', 1, '0', '0', '0', '0', '5', '2017-10-18 11:06:41'),
	('1', 1, '0', '0', '0', '0', '5', '2017-10-18 11:07:25'),
	('1', 1, '0', '0', '0', '0', '5', '2017-10-18 11:08:10'),
	('1', 1, '0', '0', '0', '0', '5', '2017-10-18 11:08:55'),
	('1', 1, '0', '0', '0', '0', '5', '2017-10-18 11:09:39'),
	('1', 1, '0', '0', '0', '0', '5', '2017-10-18 11:10:24'),
	('1', 1, '0', '0', '0', '0', '5', '2017-10-18 11:11:09'),
	('1', 1, '0', '0', '0', '0', '5', '2017-10-18 11:11:54'),
	('1', 1, '0', '0', '0', '0', '5', '2017-10-18 11:28:31'),
	('1', 1, '0', '0', '0', '0', '5', '2017-10-18 11:29:16'),
	('1', 1, '0', '0', '0', '0', '5', '2017-10-18 11:30:01'),
	('1', 1, '0', '0', '0', '0', '5', '2017-10-18 11:30:46'),
	('1', 1, '0', '0', '0', '0', '5', '2017-10-18 11:54:37'),
	('1', 1, '0', '0', '0', '0', '5', '2017-10-18 11:55:21'),
	('1', 1, '0', '0', '0', '0', '5', '2017-10-18 11:56:06'),
	('1', 1, '0', '0', '0', '0', '5', '2017-10-18 11:56:51'),
	('1', 1, '0', '0', '0', '0', '5', '2017-10-18 11:57:36'),
	('1', 1, '0', '0', '0', '0', '5', '2017-10-18 11:58:20'),
	('1', 1, '0', '0', '0', '0', '5', '2017-10-18 11:59:05'),
	('1', 1, '0', '0', '0', '0', '5', '2017-10-18 11:59:50'),
	('1', 1, '0', '0', '0', '0', '5', '2017-10-18 12:00:34'),
	('1', 1, '0', '0', '0', '0', '5', '2017-10-18 12:01:19'),
	('1', 1, '0', '0', '0', '0', '5', '2017-10-18 12:02:04'),
	('1', 1, '0', '0', '0', '0', '5', '2017-10-18 12:02:48'),
	('1', 1, '0', '0', '0', '0', '5', '2017-10-18 12:03:33'),
	('1', 1, '0', '0', '0', '0', '5', '2017-10-18 12:04:18'),
	('1', 1, '0', '0', '0', '0', '5', '2017-10-18 12:05:03'),
	('1', 1, '0', '0', '0', '0', '5', '2017-10-18 12:05:47'),
	('1', 1, '0', '0', '0', '0', '5', '2017-10-18 12:06:32'),
	('1', 1, '0', '0', '0', '0', '5', '2017-10-18 12:07:17'),
	('1', 1, '0', '0', '0', '0', '5', '2017-10-18 12:08:01'),
	('1', 1, '0', '0', '0', '0', '5', '2017-10-18 12:08:46'),
	('1', 1, '0', '0', '0', '0', '5', '2017-10-18 12:09:31'),
	('1', 1, '0', '0', '0', '0', '5', '2017-10-18 12:10:16'),
	('1', 1, '0', '0', '0', '0', '5', '2017-10-18 12:11:00'),
	('1', 1, '0', '0', '0', '0', '5', '2017-10-18 12:11:45'),
	('1', 1, '0', '0', '0', '0', '5', '2017-10-18 12:12:30'),
	('1', 1, '0', '0', '0', '0', '5', '2017-10-18 12:13:14'),
	('1', 1, '0', '0', '0', '0', '5', '2017-10-18 12:13:59'),
	('1', 1, '0', '0', '0', '0', '5', '2017-10-18 12:14:44'),
	('1', 1, '0', '0', '0', '0', '5', '2017-10-18 12:15:29'),
	('1', 1, '0', '0', '0', '0', '5', '2017-10-18 12:16:13'),
	('1', 1, '0', '0', '0', '0', '5', '2017-10-18 12:16:58'),
	('1', 1, '0', '0', '0', '0', '5', '2017-10-18 12:17:43'),
	('1', 1, '0', '0', '0', '0', '5', '2017-10-18 12:18:27'),
	('1', 1, '0', '0', '0', '0', '5', '2017-10-18 12:19:12'),
	('1', 1, '0', '0', '0', '0', '5', '2017-10-18 12:19:57'),
	('1', 1, '0', '0', '0', '0', '5', '2017-10-18 12:20:42'),
	('1', 1, '0', '0', '0', '0', '5', '2017-10-18 12:21:26'),
	('1', 1, '0', '0', '0', '0', '5', '2017-10-18 12:22:11'),
	('1', 1, '0', '0', '0', '0', '5', '2017-10-18 12:22:56'),
	('1', 1, '0', '0', '0', '0', '5', '2017-10-18 12:23:40'),
	('1', 1, '0', '0', '0', '0', '5', '2017-10-18 12:24:25'),
	('1', 1, '0', '0', '0', '0', '5', '2017-10-18 12:25:10'),
	('1', 1, '0', '0', '0', '0', '5', '2017-10-18 12:25:54'),
	('1', 1, '0', '0', '0', '0', '5', '2017-10-18 12:26:39'),
	('1', 1, '0', '0', '0', '0', '5', '2017-10-18 12:27:24'),
	('1', 1, '0', '0', '0', '0', '5', '2017-10-18 12:28:09'),
	('1', 1, '0', '0', '0', '0', '5', '2017-10-18 12:28:53'),
	('1', 1, '0', '0', '0', '0', '5', '2017-10-18 12:29:38'),
	('1', 1, '0', '0', '0', '0', '5', '2017-10-18 12:30:23'),
	('1', 1, '0', '0', '0', '0', '5', '2017-10-18 12:31:07'),
	('1', 1, '0', '0', '0', '0', '5', '2017-10-18 12:31:52'),
	('1', 1, '0', '0', '0', '0', '5', '2017-10-18 12:32:37'),
	('1', 1, '0', '0', '0', '0', '5', '2017-10-18 12:33:22'),
	('1', 1, '0', '0', '0', '0', '5', '2017-10-18 12:34:06'),
	('1', 1, '0', '0', '0', '0', '5', '2017-10-18 12:41:47'),
	('1', 1, '0', '0', '0', '0', '5', '2017-10-18 12:42:32'),
	('1', 1, '0', '0', '0', '0', '5', '2017-10-18 12:43:16'),
	('1', 1, '0', '0', '0', '0', '5', '2017-10-18 12:44:01'),
	('1', 1, '0', '0', '0', '0', '5', '2017-10-18 12:44:46'),
	('1', 1, '0', '0', '0', '0', '5', '2017-10-18 12:54:51'),
	('1', 1, '0', '0', '0', '0', '5', '2017-10-18 12:55:35'),
	('1', 1, '0', '0', '0', '0', '5', '2017-10-18 12:56:20'),
	('1', 1, '0', '0', '0', '0', '5', '2017-10-18 12:57:05'),
	('1', 1, '0', '0', '0', '0', '5', '2017-10-18 12:57:49'),
	('1', 1, '0', '0', '0', '0', '5', '2017-10-18 13:14:08'),
	('1', 1, '0', '0', '0', '0', '5', '2017-10-18 13:14:52'),
	('1', 1, '0', '0', '0', '0', '5', '2017-10-18 13:15:37'),
	('1', 1, '0', '0', '0', '0', '5', '2017-10-18 13:16:22'),
	('1', 1, '0', '0', '0', '0', '5', '2017-10-18 13:17:07'),
	('1', 1, '0', '0', '0', '0', '5', '2017-10-18 13:17:51'),
	('1', 1, '0', '0', '0', '0', '5', '2017-10-18 13:22:41'),
	('1', 1, '0', '0', '0', '0', '5', '2017-10-18 13:24:52'),
	('1', 1, '0', '0', '0', '0', '5', '2017-10-18 14:22:23'),
	('1', 1, '0', '0', '0', '0', '5', '2017-10-18 14:23:03'),
	('1', 1, '0', '0', '0', '0', '5', '2017-10-18 14:23:43'),
	('1', 1, '0', '0', '0', '0', '5', '2017-10-18 14:24:23'),
	('1', 1, '0', '0', '0', '0', '5', '2017-10-18 14:25:03'),
	('1', 1, '0', '0', '0', '0', '5', '2017-10-18 14:42:08'),
	('1', 1, '0', '0', '0', '0', '5', '2017-10-18 14:42:48'),
	('1', 1, '0', '0', '0', '0', '5', '2017-10-18 14:43:28'),
	('1', 1, '0', '0', '0', '0', '5', '2017-10-18 14:44:08'),
	('1', 1, '0', '0', '0', '0', '5', '2017-10-18 14:44:48'),
	('1', 1, '0', '0', '0', '0', '5', '2017-10-18 14:45:28'),
	('1', 1, '0', '0', '0', '0', '5', '2017-10-18 15:06:47'),
	('1', 1, '0', '0', '0', '0', '5', '2017-10-18 15:07:27'),
	('1', 1, '0', '0', '0', '0', '5', '2017-10-18 15:08:07'),
	('1', 1, '0', '0', '0', '0', '5', '2017-10-18 15:08:47'),
	('1', 1, '0', '0', '0', '0', '5', '2017-10-18 15:14:16'),
	('1', 1, '0', '0', '0', '0', '5', '2017-10-18 15:14:56'),
	('1', 1, '0', '0', '0', '0', '5', '2017-10-18 15:15:36'),
	('1', 1, '0', '0', '0', '0', '5', '2017-10-18 15:16:15'),
	('1', 1, '0', '0', '0', '0', '5', '2017-10-18 15:16:56'),
	('1', 1, '0', '0', '0', '0', '5', '2017-10-18 15:17:35'),
	('1', 1, '0', '0', '0', '0', '5', '2017-10-18 15:18:16'),
	('1', 1, '0', '0', '0', '0', '5', '2017-10-18 15:18:56'),
	('1', 1, '0', '0', '0', '0', '5', '2017-10-18 15:19:35'),
	('1', 1, '0', '0', '0', '0', '5', '2017-10-18 15:20:16'),
	('1', 1, '0', '0', '0', '0', '5', '2017-10-18 15:20:56'),
	('1', 1, '0', '0', '0', '0', '5', '2017-10-18 15:21:36'),
	('1', 1, '0', '0', '0', '0', '5', '2017-10-18 15:22:15'),
	('1', 1, '0', '0', '0', '0', '5', '2017-10-18 15:22:56'),
	('1', 1, '0', '0', '0', '0', '5', '2017-10-18 15:23:36'),
	('1', 1, '0', '0', '0', '0', '5', '2017-10-18 15:24:15'),
	('1', 1, '0', '0', '0', '0', '5', '2017-10-18 15:24:55'),
	('1', 1, '0', '0', '0', '0', '5', '2017-10-18 15:25:35'),
	('1', 1, '0', '0', '0', '0', '5', '2017-10-18 15:26:15'),
	('1', 1, '0', '0', '0', '0', '5', '2017-10-18 15:26:55'),
	('1', 1, '0', '0', '0', '0', '5', '2017-10-18 15:27:35'),
	('1', 1, '0', '0', '0', '0', '5', '2017-10-18 15:28:15'),
	('1', 1, '0', '0', '0', '0', '5', '2017-10-18 15:28:55'),
	('1', 1, '0', '0', '0', '0', '5', '2017-10-18 15:29:35'),
	('1', 1, '0', '0', '0', '0', '5', '2017-10-18 15:30:15'),
	('1', 1, '0', '0', '0', '0', '5', '2017-10-18 15:30:55'),
	('1', 1, '0', '0', '0', '0', '5', '2017-10-18 15:31:35'),
	('1', 1, '0', '0', '0', '0', '5', '2017-10-18 15:32:15'),
	('1', 1, '0', '0', '0', '0', '5', '2017-10-18 15:34:03'),
	('1', 1, '0', '0', '0', '0', '5', '2017-10-18 15:35:33'),
	('1', 1, '0', '0', '0', '0', '5', '2017-10-18 15:36:13'),
	('1', 1, '0', '0', '0', '0', '5', '2017-10-18 15:36:53'),
	('1', 1, '0', '0', '0', '0', '5', '2017-10-18 15:37:33'),
	('1', 1, '0', '0', '0', '0', '5', '2017-10-18 15:38:13'),
	('1', 1, '0', '0', '0', '0', '5', '2017-10-18 15:38:53'),
	('1', 1, '0', '0', '0', '0', '5', '2017-10-18 15:39:33'),
	('1', 1, '0', '0', '0', '0', '5', '2017-10-18 15:40:13'),
	('1', 1, '0', '0', '0', '0', '5', '2017-10-18 15:40:53'),
	('1', 1, '0', '0', '0', '0', '5', '2017-10-18 15:41:33'),
	('1', 1, '0', '0', '0', '0', '5', '2017-10-18 15:42:13'),
	('1', 1, '0', '0', '0', '0', '5', '2017-10-18 15:42:53'),
	('1', 1, '0', '0', '0', '0', '5', '2017-10-18 15:44:26'),
	('1', 1, '0', '0', '0', '0', '5', '2017-10-18 15:45:06'),
	('1', 1, '0', '0', '0', '0', '5', '2017-10-18 15:45:46'),
	('1', 1, '0', '0', '0', '0', '5', '2017-10-18 15:46:26'),
	('1', 1, '0', '0', '0', '0', '5', '2017-10-18 15:47:06'),
	('1', 1, '0', '0', '0', '0', '5', '2017-10-18 15:47:46'),
	('1', 1, '0', '0', '0', '0', '5', '2017-10-18 15:48:42'),
	('1', 1, '0', '0', '0', '0', '5', '2017-10-18 15:49:22'),
	('1', 1, '0', '0', '0', '0', '5', '2017-10-18 15:50:02'),
	('1', 1, '0', '0', '0', '0', '5', '2017-10-18 15:50:42'),
	('1', 1, '0', '0', '0', '0', '5', '2017-10-18 15:51:22'),
	('1', 1, '0', '0', '0', '0', '5', '2017-10-18 15:52:02'),
	('1', 1, '0', '0', '0', '0', '5', '2017-10-18 15:52:42'),
	('1', 1, '0', '0', '0', '0', '5', '2017-10-18 15:53:32'),
	('1', 1, '0', '0', '0', '0', '5', '2017-10-18 15:54:12'),
	('1', 1, '0', '0', '0', '0', '5', '2017-10-18 15:54:52'),
	('1', 1, '0', '0', '0', '0', '5', '2017-10-18 15:55:32'),
	('1', 1, '0', '0', '0', '0', '5', '2017-10-18 15:56:12'),
	('1', 1, '0', '0', '0', '0', '5', '2017-10-18 15:56:52'),
	('1', 1, '0', '0', '0', '0', '5', '2017-10-18 15:57:32'),
	('1', 1, '0', '0', '0', '0', '5', '2017-10-18 15:58:12'),
	('1', 1, '0', '0', '0', '0', '5', '2017-10-18 15:58:52'),
	('1', 1, '0', '0', '0', '0', '5', '2017-10-18 15:59:32'),
	('1', 1, '0', '0', '0', '0', '5', '2017-10-18 16:03:32'),
	('1', 1, '0', '0', '0', '0', '5', '2017-10-18 16:06:11'),
	('1', 1, '0', '0', '0', '0', '5', '2017-10-18 16:06:51'),
	('1', 1, '0', '0', '0', '0', '5', '2017-10-18 16:07:31'),
	('1', 1, '0', '0', '0', '0', '5', '2017-10-18 16:08:11'),
	('1', 1, '0', '0', '0', '0', '5', '2017-10-18 16:09:19'),
	('1', 1, '0', '0', '0', '0', '5', '2017-10-18 16:09:59'),
	('1', 1, '0', '0', '0', '0', '5', '2017-10-18 16:10:39'),
	('1', 1, '0', '0', '0', '0', '5', '2017-10-18 16:11:19'),
	('1', 1, '0', '0', '0', '0', '5', '2017-10-18 16:11:59'),
	('1', 1, '0', '0', '0', '0', '5', '2017-10-18 16:12:39'),
	('1', 1, '0', '0', '0', '0', '5', '2017-10-18 16:13:19'),
	('1', 1, '0', '0', '0', '0', '5', '2017-10-18 16:13:59'),
	('1', 1, '0', '0', '0', '0', '5', '2017-10-18 16:14:39'),
	('1', 1, '0', '0', '0', '0', '5', '2017-10-18 16:17:37'),
	('1', 1, '0', '0', '0', '0', '5', '2017-10-18 16:18:17'),
	('1', 1, '0', '0', '0', '0', '5', '2017-10-18 16:18:57'),
	('1', 1, '0', '0', '0', '0', '5', '2017-10-18 16:19:37'),
	('1', 1, '0', '0', '0', '0', '5', '2017-10-18 16:20:17'),
	('1', 1, '0', '0', '0', '0', '5', '2017-10-18 16:20:57'),
	('1', 1, '0', '0', '0', '0', '5', '2017-10-18 16:21:37'),
	('1', 1, '0', '0', '0', '0', '5', '2017-10-18 16:22:17'),
	('1', 1, '0', '0', '0', '0', '5', '2017-10-18 16:22:57'),
	('1', 1, '0', '0', '0', '0', '5', '2017-10-18 16:23:37'),
	('1', 1, '0', '0', '0', '0', '5', '2017-10-18 16:24:17'),
	('1', 1, '0', '0', '0', '0', '5', '2017-10-18 16:24:57'),
	('1', 1, '0', '0', '0', '0', '5', '2017-10-18 16:25:37'),
	('1', 1, '0', '0', '0', '0', '5', '2017-10-18 16:26:17'),
	('1', 1, '0', '0', '0', '0', '5', '2017-10-18 16:26:57'),
	('1', 1, '0', '0', '0', '0', '5', '2017-10-18 16:27:37'),
	('1', 1, '0', '0', '0', '0', '5', '2017-10-18 16:28:17'),
	('1', 1, '0', '0', '0', '0', '5', '2017-10-18 16:28:57'),
	('1', 1, '0', '0', '0', '0', '5', '2017-10-18 16:29:37'),
	('1', 1, '0', '0', '0', '0', '5', '2017-10-18 16:30:17'),
	('1', 1, '0', '0', '0', '0', '5', '2017-10-18 16:30:57'),
	('1', 1, '0', '0', '0', '0', '5', '2017-10-18 16:31:37'),
	('1', 1, '0', '0', '0', '0', '5', '2017-10-18 16:32:17'),
	('1', 1, '0', '0', '0', '0', '5', '2017-10-18 16:33:41'),
	('1', 1, '0', '0', '0', '0', '5', '2017-10-18 16:34:23'),
	('1', 1, '0', '0', '0', '0', '5', '2017-10-18 16:35:03'),
	('1', 1, '0', '0', '0', '0', '5', '2017-10-18 16:35:43'),
	('1', 1, '0', '0', '0', '0', '5', '2017-10-18 16:36:23'),
	('1', 1, '0', '0', '0', '0', '5', '2017-10-18 16:37:03'),
	('1', 1, '0', '0', '0', '0', '5', '2017-10-18 16:38:28'),
	('1', 1, '0', '0', '0', '0', '5', '2017-10-18 16:39:08'),
	('1', 1, '0', '0', '0', '0', '5', '2017-10-18 16:39:48'),
	('1', 1, '0', '0', '0', '0', '5', '2017-10-18 16:40:28'),
	('1', 1, '0', '0', '0', '0', '5', '2017-10-18 16:41:08'),
	('1', 1, '0', '0', '0', '0', '5', '2017-10-18 16:41:48'),
	('1', 1, '0', '0', '0', '0', '5', '2017-10-18 16:42:28'),
	('PRODUCT_NUM_1', 1, '80.5', '20.5', '85.5', '25.5', '15.5', '2017-10-31 13:24:05');
/*!40000 ALTER TABLE `comp_05_tb` ENABLE KEYS */;

-- 테이블 compdata.comp_06_tb 구조 내보내기
DROP TABLE IF EXISTS `comp_06_tb`;
CREATE TABLE IF NOT EXISTS `comp_06_tb` (
  `FK_PRODUCT_NUMBER` varchar(255) DEFAULT NULL,
  `ID` bigint(20) NOT NULL DEFAULT '0',
  `06_00` varchar(255) DEFAULT NULL,
  `06_01` varchar(255) DEFAULT NULL,
  `06_02` varchar(255) DEFAULT NULL,
  `06_03` varchar(255) DEFAULT NULL,
  `06_04` varchar(255) DEFAULT NULL,
  `06_05` varchar(255) DEFAULT NULL,
  `SAVETIME` datetime DEFAULT NULL
) ENGINE=MyISAM DEFAULT CHARSET=latin1;

-- 테이블 데이터 compdata.comp_06_tb:243 rows 내보내기
DELETE FROM `comp_06_tb`;
/*!40000 ALTER TABLE `comp_06_tb` DISABLE KEYS */;
INSERT INTO `comp_06_tb` (`FK_PRODUCT_NUMBER`, `ID`, `06_00`, `06_01`, `06_02`, `06_03`, `06_04`, `06_05`, `SAVETIME`) VALUES
	('1', 1, '0', '0', '0', '0', '0', '6', '2017-10-18 10:44:25'),
	('1', 1, '0', '0', '0', '0', '0', '6', '2017-10-18 10:45:10'),
	('1', 1, '0', '0', '0', '0', '0', '6', '2017-10-18 10:45:54'),
	('1', 1, '0', '0', '0', '0', '0', '6', '2017-10-18 10:46:39'),
	('1', 1, '0', '0', '0', '0', '0', '6', '2017-10-18 10:47:24'),
	('1', 1, '0', '0', '0', '0', '0', '6', '2017-10-18 10:48:08'),
	('1', 1, '0', '0', '0', '0', '0', '6', '2017-10-18 10:48:53'),
	('1', 1, '0', '0', '0', '0', '0', '6', '2017-10-18 10:49:38'),
	('1', 1, '0', '0', '0', '0', '0', '6', '2017-10-18 10:50:23'),
	('1', 1, '0', '0', '0', '0', '0', '6', '2017-10-18 10:51:07'),
	('1', 1, '0', '0', '0', '0', '0', '6', '2017-10-18 10:51:52'),
	('1', 1, '0', '0', '0', '0', '0', '6', '2017-10-18 10:52:37'),
	('1', 1, '0', '0', '0', '0', '0', '6', '2017-10-18 10:53:21'),
	('1', 1, '0', '0', '0', '0', '0', '6', '2017-10-18 10:54:06'),
	('1', 1, '0', '0', '0', '0', '0', '6', '2017-10-18 10:54:51'),
	('1', 1, '0', '0', '0', '0', '0', '6', '2017-10-18 10:55:36'),
	('1', 1, '0', '0', '0', '0', '0', '6', '2017-10-18 10:56:20'),
	('1', 1, '0', '0', '0', '0', '0', '6', '2017-10-18 10:57:05'),
	('1', 1, '0', '0', '0', '0', '0', '6', '2017-10-18 10:57:50'),
	('1', 1, '0', '0', '0', '0', '0', '6', '2017-10-18 10:58:34'),
	('1', 1, '0', '0', '0', '0', '0', '6', '2017-10-18 10:59:19'),
	('1', 1, '0', '0', '0', '0', '0', '6', '2017-10-18 11:00:04'),
	('1', 1, '0', '0', '0', '0', '0', '6', '2017-10-18 11:00:48'),
	('1', 1, '0', '0', '0', '0', '0', '6', '2017-10-18 11:01:33'),
	('1', 1, '0', '0', '0', '0', '0', '6', '2017-10-18 11:02:18'),
	('1', 1, '0', '0', '0', '0', '0', '6', '2017-10-18 11:03:03'),
	('1', 1, '0', '0', '0', '0', '0', '6', '2017-10-18 11:03:47'),
	('1', 1, '0', '0', '0', '0', '0', '6', '2017-10-18 11:04:32'),
	('1', 1, '0', '0', '0', '0', '0', '6', '2017-10-18 11:05:17'),
	('1', 1, '0', '0', '0', '0', '0', '6', '2017-10-18 11:06:01'),
	('1', 1, '0', '0', '0', '0', '0', '6', '2017-10-18 11:06:46'),
	('1', 1, '0', '0', '0', '0', '0', '6', '2017-10-18 11:07:31'),
	('1', 1, '0', '0', '0', '0', '0', '6', '2017-10-18 11:08:16'),
	('1', 1, '0', '0', '0', '0', '0', '6', '2017-10-18 11:09:00'),
	('1', 1, '0', '0', '0', '0', '0', '6', '2017-10-18 11:09:45'),
	('1', 1, '0', '0', '0', '0', '0', '6', '2017-10-18 11:10:30'),
	('1', 1, '0', '0', '0', '0', '0', '6', '2017-10-18 11:11:14'),
	('1', 1, '0', '0', '0', '0', '0', '6', '2017-10-18 11:11:59'),
	('1', 1, '0', '0', '0', '0', '0', '6', '2017-10-18 11:28:37'),
	('1', 1, '0', '0', '0', '0', '0', '6', '2017-10-18 11:29:22'),
	('1', 1, '0', '0', '0', '0', '0', '6', '2017-10-18 11:30:06'),
	('1', 1, '0', '0', '0', '0', '0', '6', '2017-10-18 11:30:51'),
	('1', 1, '0', '0', '0', '0', '0', '6', '2017-10-18 11:54:42'),
	('1', 1, '0', '0', '0', '0', '0', '6', '2017-10-18 11:55:27'),
	('1', 1, '0', '0', '0', '0', '0', '6', '2017-10-18 11:56:12'),
	('1', 1, '0', '0', '0', '0', '0', '6', '2017-10-18 11:56:56'),
	('1', 1, '0', '0', '0', '0', '0', '6', '2017-10-18 11:57:41'),
	('1', 1, '0', '0', '0', '0', '0', '6', '2017-10-18 11:58:26'),
	('1', 1, '0', '0', '0', '0', '0', '6', '2017-10-18 11:59:11'),
	('1', 1, '0', '0', '0', '0', '0', '6', '2017-10-18 11:59:55'),
	('1', 1, '0', '0', '0', '0', '0', '6', '2017-10-18 12:00:40'),
	('1', 1, '0', '0', '0', '0', '0', '6', '2017-10-18 12:01:25'),
	('1', 1, '0', '0', '0', '0', '0', '6', '2017-10-18 12:02:09'),
	('1', 1, '0', '0', '0', '0', '0', '6', '2017-10-18 12:02:54'),
	('1', 1, '0', '0', '0', '0', '0', '6', '2017-10-18 12:03:39'),
	('1', 1, '0', '0', '0', '0', '0', '6', '2017-10-18 12:04:24'),
	('1', 1, '0', '0', '0', '0', '0', '6', '2017-10-18 12:05:08'),
	('1', 1, '0', '0', '0', '0', '0', '6', '2017-10-18 12:05:53'),
	('1', 1, '0', '0', '0', '0', '0', '6', '2017-10-18 12:06:38'),
	('1', 1, '0', '0', '0', '0', '0', '6', '2017-10-18 12:07:22'),
	('1', 1, '0', '0', '0', '0', '0', '6', '2017-10-18 12:08:07'),
	('1', 1, '0', '0', '0', '0', '0', '6', '2017-10-18 12:08:52'),
	('1', 1, '0', '0', '0', '0', '0', '6', '2017-10-18 12:09:36'),
	('1', 1, '0', '0', '0', '0', '0', '6', '2017-10-18 12:10:21'),
	('1', 1, '0', '0', '0', '0', '0', '6', '2017-10-18 12:11:06'),
	('1', 1, '0', '0', '0', '0', '0', '6', '2017-10-18 12:11:51'),
	('1', 1, '0', '0', '0', '0', '0', '6', '2017-10-18 12:12:35'),
	('1', 1, '0', '0', '0', '0', '0', '6', '2017-10-18 12:13:20'),
	('1', 1, '0', '0', '0', '0', '0', '6', '2017-10-18 12:14:05'),
	('1', 1, '0', '0', '0', '0', '0', '6', '2017-10-18 12:14:49'),
	('1', 1, '0', '0', '0', '0', '0', '6', '2017-10-18 12:15:34'),
	('1', 1, '0', '0', '0', '0', '0', '6', '2017-10-18 12:16:19'),
	('1', 1, '0', '0', '0', '0', '0', '6', '2017-10-18 12:17:04'),
	('1', 1, '0', '0', '0', '0', '0', '6', '2017-10-18 12:17:48'),
	('1', 1, '0', '0', '0', '0', '0', '6', '2017-10-18 12:18:33'),
	('1', 1, '0', '0', '0', '0', '0', '6', '2017-10-18 12:19:18'),
	('1', 1, '0', '0', '0', '0', '0', '6', '2017-10-18 12:20:02'),
	('1', 1, '0', '0', '0', '0', '0', '6', '2017-10-18 12:20:47'),
	('1', 1, '0', '0', '0', '0', '0', '6', '2017-10-18 12:21:32'),
	('1', 1, '0', '0', '0', '0', '0', '6', '2017-10-18 12:22:16'),
	('1', 1, '0', '0', '0', '0', '0', '6', '2017-10-18 12:23:01'),
	('1', 1, '0', '0', '0', '0', '0', '6', '2017-10-18 12:23:46'),
	('1', 1, '0', '0', '0', '0', '0', '6', '2017-10-18 12:24:31'),
	('1', 1, '0', '0', '0', '0', '0', '6', '2017-10-18 12:25:15'),
	('1', 1, '0', '0', '0', '0', '0', '6', '2017-10-18 12:26:00'),
	('1', 1, '0', '0', '0', '0', '0', '6', '2017-10-18 12:26:45'),
	('1', 1, '0', '0', '0', '0', '0', '6', '2017-10-18 12:27:29'),
	('1', 1, '0', '0', '0', '0', '0', '6', '2017-10-18 12:28:14'),
	('1', 1, '0', '0', '0', '0', '0', '6', '2017-10-18 12:28:59'),
	('1', 1, '0', '0', '0', '0', '0', '6', '2017-10-18 12:29:44'),
	('1', 1, '0', '0', '0', '0', '0', '6', '2017-10-18 12:30:28'),
	('1', 1, '0', '0', '0', '0', '0', '6', '2017-10-18 12:31:13'),
	('1', 1, '0', '0', '0', '0', '0', '6', '2017-10-18 12:31:58'),
	('1', 1, '0', '0', '0', '0', '0', '6', '2017-10-18 12:32:42'),
	('1', 1, '0', '0', '0', '0', '0', '6', '2017-10-18 12:33:27'),
	('1', 1, '0', '0', '0', '0', '0', '6', '2017-10-18 12:41:53'),
	('1', 1, '0', '0', '0', '0', '0', '6', '2017-10-18 12:42:37'),
	('1', 1, '0', '0', '0', '0', '0', '6', '2017-10-18 12:43:22'),
	('1', 1, '0', '0', '0', '0', '0', '6', '2017-10-18 12:44:07'),
	('1', 1, '0', '0', '0', '0', '0', '6', '2017-10-18 12:44:51'),
	('1', 1, '0', '0', '0', '0', '0', '6', '2017-10-18 12:54:56'),
	('1', 1, '0', '0', '0', '0', '0', '6', '2017-10-18 12:55:41'),
	('1', 1, '0', '0', '0', '0', '0', '6', '2017-10-18 12:56:26'),
	('1', 1, '0', '0', '0', '0', '0', '6', '2017-10-18 12:57:10'),
	('1', 1, '0', '0', '0', '0', '0', '6', '2017-10-18 12:57:55'),
	('1', 1, '0', '0', '0', '0', '0', '6', '2017-10-18 13:14:13'),
	('1', 1, '0', '0', '0', '0', '0', '6', '2017-10-18 13:14:58'),
	('1', 1, '0', '0', '0', '0', '0', '6', '2017-10-18 13:15:43'),
	('1', 1, '0', '0', '0', '0', '0', '6', '2017-10-18 13:16:27'),
	('1', 1, '0', '0', '0', '0', '0', '6', '2017-10-18 13:17:12'),
	('1', 1, '0', '0', '0', '0', '0', '6', '2017-10-18 13:17:57'),
	('1', 1, '0', '0', '0', '0', '0', '6', '2017-10-18 13:22:47'),
	('1', 1, '0', '0', '0', '0', '0', '6', '2017-10-18 13:24:58'),
	('1', 1, '0', '0', '0', '0', '0', '6', '2017-10-18 14:22:28'),
	('1', 1, '0', '0', '0', '0', '0', '6', '2017-10-18 14:23:08'),
	('1', 1, '0', '0', '0', '0', '0', '6', '2017-10-18 14:23:48'),
	('1', 1, '0', '0', '0', '0', '0', '6', '2017-10-18 14:24:28'),
	('1', 1, '0', '0', '0', '0', '0', '6', '2017-10-18 14:25:08'),
	('1', 1, '0', '0', '0', '0', '0', '6', '2017-10-18 14:42:13'),
	('1', 1, '0', '0', '0', '0', '0', '6', '2017-10-18 14:42:53'),
	('1', 1, '0', '0', '0', '0', '0', '6', '2017-10-18 14:43:33'),
	('1', 1, '0', '0', '0', '0', '0', '6', '2017-10-18 14:44:13'),
	('1', 1, '0', '0', '0', '0', '0', '6', '2017-10-18 14:44:53'),
	('1', 1, '0', '0', '0', '0', '0', '6', '2017-10-18 14:45:33'),
	('1', 1, '0', '0', '0', '0', '0', '6', '2017-10-18 15:06:52'),
	('1', 1, '0', '0', '0', '0', '0', '6', '2017-10-18 15:07:32'),
	('1', 1, '0', '0', '0', '0', '0', '6', '2017-10-18 15:08:12'),
	('1', 1, '0', '0', '0', '0', '0', '6', '2017-10-18 15:08:52'),
	('1', 1, '0', '0', '0', '0', '0', '6', '2017-10-18 15:14:20'),
	('1', 1, '0', '0', '0', '0', '0', '6', '2017-10-18 15:15:00'),
	('1', 1, '0', '0', '0', '0', '0', '6', '2017-10-18 15:15:41'),
	('1', 1, '0', '0', '0', '0', '0', '6', '2017-10-18 15:16:20'),
	('1', 1, '0', '0', '0', '0', '0', '6', '2017-10-18 15:17:00'),
	('1', 1, '0', '0', '0', '0', '0', '6', '2017-10-18 15:17:40'),
	('1', 1, '0', '0', '0', '0', '0', '6', '2017-10-18 15:18:21'),
	('1', 1, '0', '0', '0', '0', '0', '6', '2017-10-18 15:19:01'),
	('1', 1, '0', '0', '0', '0', '0', '6', '2017-10-18 15:19:40'),
	('1', 1, '0', '0', '0', '0', '0', '6', '2017-10-18 15:20:21'),
	('1', 1, '0', '0', '0', '0', '0', '6', '2017-10-18 15:21:01'),
	('1', 1, '0', '0', '0', '0', '0', '6', '2017-10-18 15:21:40'),
	('1', 1, '0', '0', '0', '0', '0', '6', '2017-10-18 15:22:20'),
	('1', 1, '0', '0', '0', '0', '0', '6', '2017-10-18 15:23:01'),
	('1', 1, '0', '0', '0', '0', '0', '6', '2017-10-18 15:23:41'),
	('1', 1, '0', '0', '0', '0', '0', '6', '2017-10-18 15:24:20'),
	('1', 1, '0', '0', '0', '0', '0', '6', '2017-10-18 15:25:00'),
	('1', 1, '0', '0', '0', '0', '0', '6', '2017-10-18 15:25:41'),
	('1', 1, '0', '0', '0', '0', '0', '6', '2017-10-18 15:26:21'),
	('1', 1, '0', '0', '0', '0', '0', '6', '2017-10-18 15:27:01'),
	('1', 1, '0', '0', '0', '0', '0', '6', '2017-10-18 15:27:40'),
	('1', 1, '0', '0', '0', '0', '0', '6', '2017-10-18 15:28:21'),
	('1', 1, '0', '0', '0', '0', '0', '6', '2017-10-18 15:29:00'),
	('1', 1, '0', '0', '0', '0', '0', '6', '2017-10-18 15:29:40'),
	('1', 1, '0', '0', '0', '0', '0', '6', '2017-10-18 15:30:21'),
	('1', 1, '0', '0', '0', '0', '0', '6', '2017-10-18 15:31:01'),
	('1', 1, '0', '0', '0', '0', '0', '6', '2017-10-18 15:31:40'),
	('1', 1, '0', '0', '0', '0', '0', '6', '2017-10-18 15:32:20'),
	('1', 1, '0', '0', '0', '0', '0', '6', '2017-10-18 15:34:08'),
	('1', 1, '0', '0', '0', '0', '0', '6', '2017-10-18 15:35:38'),
	('1', 1, '0', '0', '0', '0', '0', '6', '2017-10-18 15:36:18'),
	('1', 1, '0', '0', '0', '0', '0', '6', '2017-10-18 15:36:58'),
	('1', 1, '0', '0', '0', '0', '0', '6', '2017-10-18 15:37:38'),
	('1', 1, '0', '0', '0', '0', '0', '6', '2017-10-18 15:38:18'),
	('1', 1, '0', '0', '0', '0', '0', '6', '2017-10-18 15:38:58'),
	('1', 1, '0', '0', '0', '0', '0', '6', '2017-10-18 15:39:38'),
	('1', 1, '0', '0', '0', '0', '0', '6', '2017-10-18 15:40:18'),
	('1', 1, '0', '0', '0', '0', '0', '6', '2017-10-18 15:40:58'),
	('1', 1, '0', '0', '0', '0', '0', '6', '2017-10-18 15:41:38'),
	('1', 1, '0', '0', '0', '0', '0', '6', '2017-10-18 15:42:18'),
	('1', 1, '0', '0', '0', '0', '0', '6', '2017-10-18 15:42:58'),
	('1', 1, '0', '0', '0', '0', '0', '6', '2017-10-18 15:44:31'),
	('1', 1, '0', '0', '0', '0', '0', '6', '2017-10-18 15:45:11'),
	('1', 1, '0', '0', '0', '0', '0', '6', '2017-10-18 15:45:51'),
	('1', 1, '0', '0', '0', '0', '0', '6', '2017-10-18 15:46:31'),
	('1', 1, '0', '0', '0', '0', '0', '6', '2017-10-18 15:47:11'),
	('1', 1, '0', '0', '0', '0', '0', '6', '2017-10-18 15:47:51'),
	('1', 1, '0', '0', '0', '0', '0', '6', '2017-10-18 15:48:47'),
	('1', 1, '0', '0', '0', '0', '0', '6', '2017-10-18 15:49:27'),
	('1', 1, '0', '0', '0', '0', '0', '6', '2017-10-18 15:50:07'),
	('1', 1, '0', '0', '0', '0', '0', '6', '2017-10-18 15:50:47'),
	('1', 1, '0', '0', '0', '0', '0', '6', '2017-10-18 15:51:27'),
	('1', 1, '0', '0', '0', '0', '0', '6', '2017-10-18 15:52:07'),
	('1', 1, '0', '0', '0', '0', '0', '6', '2017-10-18 15:52:47'),
	('1', 1, '0', '0', '0', '0', '0', '6', '2017-10-18 15:53:37'),
	('1', 1, '0', '0', '0', '0', '0', '6', '2017-10-18 15:54:17'),
	('1', 1, '0', '0', '0', '0', '0', '6', '2017-10-18 15:54:57'),
	('1', 1, '0', '0', '0', '0', '0', '6', '2017-10-18 15:55:37'),
	('1', 1, '0', '0', '0', '0', '0', '6', '2017-10-18 15:56:17'),
	('1', 1, '0', '0', '0', '0', '0', '6', '2017-10-18 15:56:57'),
	('1', 1, '0', '0', '0', '0', '0', '6', '2017-10-18 15:57:37'),
	('1', 1, '0', '0', '0', '0', '0', '6', '2017-10-18 15:58:17'),
	('1', 1, '0', '0', '0', '0', '0', '6', '2017-10-18 15:58:57'),
	('1', 1, '0', '0', '0', '0', '0', '6', '2017-10-18 15:59:37'),
	('1', 1, '0', '0', '0', '0', '0', '6', '2017-10-18 16:03:37'),
	('1', 1, '0', '0', '0', '0', '0', '6', '2017-10-18 16:06:16'),
	('1', 1, '0', '0', '0', '0', '0', '6', '2017-10-18 16:06:56'),
	('1', 1, '0', '0', '0', '0', '0', '6', '2017-10-18 16:07:36'),
	('1', 1, '0', '0', '0', '0', '0', '6', '2017-10-18 16:08:16'),
	('1', 1, '0', '0', '0', '0', '0', '6', '2017-10-18 16:09:24'),
	('1', 1, '0', '0', '0', '0', '0', '6', '2017-10-18 16:10:04'),
	('1', 1, '0', '0', '0', '0', '0', '6', '2017-10-18 16:10:44'),
	('1', 1, '0', '0', '0', '0', '0', '6', '2017-10-18 16:11:24'),
	('1', 1, '0', '0', '0', '0', '0', '6', '2017-10-18 16:12:04'),
	('1', 1, '0', '0', '0', '0', '0', '6', '2017-10-18 16:12:44'),
	('1', 1, '0', '0', '0', '0', '0', '6', '2017-10-18 16:13:24'),
	('1', 1, '0', '0', '0', '0', '0', '6', '2017-10-18 16:14:04'),
	('1', 1, '0', '0', '0', '0', '0', '6', '2017-10-18 16:14:44'),
	('1', 1, '0', '0', '0', '0', '0', '6', '2017-10-18 16:17:42'),
	('1', 1, '0', '0', '0', '0', '0', '6', '2017-10-18 16:18:22'),
	('1', 1, '0', '0', '0', '0', '0', '6', '2017-10-18 16:19:02'),
	('1', 1, '0', '0', '0', '0', '0', '6', '2017-10-18 16:19:42'),
	('1', 1, '0', '0', '0', '0', '0', '6', '2017-10-18 16:20:22'),
	('1', 1, '0', '0', '0', '0', '0', '6', '2017-10-18 16:21:02'),
	('1', 1, '0', '0', '0', '0', '0', '6', '2017-10-18 16:21:42'),
	('1', 1, '0', '0', '0', '0', '0', '6', '2017-10-18 16:22:22'),
	('1', 1, '0', '0', '0', '0', '0', '6', '2017-10-18 16:23:02'),
	('1', 1, '0', '0', '0', '0', '0', '6', '2017-10-18 16:23:42'),
	('1', 1, '0', '0', '0', '0', '0', '6', '2017-10-18 16:24:22'),
	('1', 1, '0', '0', '0', '0', '0', '6', '2017-10-18 16:25:02'),
	('1', 1, '0', '0', '0', '0', '0', '6', '2017-10-18 16:25:42'),
	('1', 1, '0', '0', '0', '0', '0', '6', '2017-10-18 16:26:22'),
	('1', 1, '0', '0', '0', '0', '0', '6', '2017-10-18 16:27:02'),
	('1', 1, '0', '0', '0', '0', '0', '6', '2017-10-18 16:27:42'),
	('1', 1, '0', '0', '0', '0', '0', '6', '2017-10-18 16:28:22'),
	('1', 1, '0', '0', '0', '0', '0', '6', '2017-10-18 16:29:02'),
	('1', 1, '0', '0', '0', '0', '0', '6', '2017-10-18 16:29:42'),
	('1', 1, '0', '0', '0', '0', '0', '6', '2017-10-18 16:30:22'),
	('1', 1, '0', '0', '0', '0', '0', '6', '2017-10-18 16:31:02'),
	('1', 1, '0', '0', '0', '0', '0', '6', '2017-10-18 16:31:42'),
	('1', 1, '0', '0', '0', '0', '0', '6', '2017-10-18 16:32:22'),
	('1', 1, '0', '0', '0', '0', '0', '6', '2017-10-18 16:34:28'),
	('1', 1, '0', '0', '0', '0', '0', '6', '2017-10-18 16:35:08'),
	('1', 1, '0', '0', '0', '0', '0', '6', '2017-10-18 16:35:48'),
	('1', 1, '0', '0', '0', '0', '0', '6', '2017-10-18 16:36:28'),
	('1', 1, '0', '0', '0', '0', '0', '6', '2017-10-18 16:37:08'),
	('1', 1, '0', '0', '0', '0', '0', '6', '2017-10-18 16:38:33'),
	('1', 1, '0', '0', '0', '0', '0', '6', '2017-10-18 16:39:13'),
	('1', 1, '0', '0', '0', '0', '0', '6', '2017-10-18 16:39:53'),
	('1', 1, '0', '0', '0', '0', '0', '6', '2017-10-18 16:40:33'),
	('1', 1, '0', '0', '0', '0', '0', '6', '2017-10-18 16:41:13'),
	('1', 1, '0', '0', '0', '0', '0', '6', '2017-10-18 16:41:53'),
	('1', 1, '0', '0', '0', '0', '0', '6', '2017-10-18 16:42:33'),
	('PRODUCT_NUM_2', 0, '70.0', '20.0', '85.0', '25.0', '15.0', '45.0', '2017-10-31 13:30:45'),
	('PRODUCT_NUM_1', 0, '80.0', '20.0', '85.0', '25.0', '15.0', '45.0', '2017-10-31 13:30:45');
/*!40000 ALTER TABLE `comp_06_tb` ENABLE KEYS */;

-- 테이블 compdata.comp_07_tb 구조 내보내기
DROP TABLE IF EXISTS `comp_07_tb`;
CREATE TABLE IF NOT EXISTS `comp_07_tb` (
  `FK_PRODUCT_NUMBER` varchar(255) DEFAULT NULL,
  `ID` bigint(20) NOT NULL DEFAULT '0',
  `07_00` varchar(255) DEFAULT NULL,
  `07_01` varchar(255) DEFAULT NULL,
  `SAVETIME` datetime DEFAULT NULL
) ENGINE=MyISAM DEFAULT CHARSET=latin1;

-- 테이블 데이터 compdata.comp_07_tb:240 rows 내보내기
DELETE FROM `comp_07_tb`;
/*!40000 ALTER TABLE `comp_07_tb` DISABLE KEYS */;
INSERT INTO `comp_07_tb` (`FK_PRODUCT_NUMBER`, `ID`, `07_00`, `07_01`, `SAVETIME`) VALUES
	('1', 1, '0', '7', '2017-10-18 10:44:30'),
	('1', 1, '0', '7', '2017-10-18 10:45:15'),
	('1', 1, '0', '7', '2017-10-18 10:46:00'),
	('1', 1, '0', '7', '2017-10-18 10:46:45'),
	('1', 1, '0', '7', '2017-10-18 10:47:29'),
	('1', 1, '0', '7', '2017-10-18 10:48:14'),
	('1', 1, '0', '7', '2017-10-18 10:48:59'),
	('1', 1, '0', '7', '2017-10-18 10:49:43'),
	('1', 1, '0', '7', '2017-10-18 10:50:28'),
	('1', 1, '0', '7', '2017-10-18 10:51:13'),
	('1', 1, '0', '7', '2017-10-18 10:51:58'),
	('1', 1, '0', '7', '2017-10-18 10:52:42'),
	('1', 1, '0', '7', '2017-10-18 10:53:27'),
	('1', 1, '0', '7', '2017-10-18 10:54:12'),
	('1', 1, '0', '7', '2017-10-18 10:54:56'),
	('1', 1, '0', '7', '2017-10-18 10:55:41'),
	('1', 1, '0', '7', '2017-10-18 10:56:26'),
	('1', 1, '0', '7', '2017-10-18 10:57:11'),
	('1', 1, '0', '7', '2017-10-18 10:57:55'),
	('1', 1, '0', '7', '2017-10-18 10:58:40'),
	('1', 1, '0', '7', '2017-10-18 10:59:25'),
	('1', 1, '0', '7', '2017-10-18 11:00:09'),
	('1', 1, '0', '7', '2017-10-18 11:00:54'),
	('1', 1, '0', '7', '2017-10-18 11:01:39'),
	('1', 1, '0', '7', '2017-10-18 11:02:23'),
	('1', 1, '0', '7', '2017-10-18 11:03:08'),
	('1', 1, '0', '7', '2017-10-18 11:03:53'),
	('1', 1, '0', '7', '2017-10-18 11:04:38'),
	('1', 1, '0', '7', '2017-10-18 11:05:22'),
	('1', 1, '0', '7', '2017-10-18 11:06:07'),
	('1', 1, '0', '7', '2017-10-18 11:06:52'),
	('1', 1, '0', '7', '2017-10-18 11:07:36'),
	('1', 1, '0', '7', '2017-10-18 11:08:21'),
	('1', 1, '0', '7', '2017-10-18 11:09:06'),
	('1', 1, '0', '7', '2017-10-18 11:09:51'),
	('1', 1, '0', '7', '2017-10-18 11:10:35'),
	('1', 1, '0', '7', '2017-10-18 11:11:20'),
	('1', 1, '0', '7', '2017-10-18 11:12:05'),
	('1', 1, '0', '7', '2017-10-18 11:28:43'),
	('1', 1, '0', '7', '2017-10-18 11:29:27'),
	('1', 1, '0', '7', '2017-10-18 11:30:12'),
	('1', 1, '0', '7', '2017-10-18 11:30:57'),
	('1', 1, '0', '7', '2017-10-18 11:54:48'),
	('1', 1, '0', '7', '2017-10-18 11:55:33'),
	('1', 1, '0', '7', '2017-10-18 11:56:17'),
	('1', 1, '0', '7', '2017-10-18 11:57:02'),
	('1', 1, '0', '7', '2017-10-18 11:57:47'),
	('1', 1, '0', '7', '2017-10-18 11:58:31'),
	('1', 1, '0', '7', '2017-10-18 11:59:16'),
	('1', 1, '0', '7', '2017-10-18 12:00:01'),
	('1', 1, '0', '7', '2017-10-18 12:00:46'),
	('1', 1, '0', '7', '2017-10-18 12:01:30'),
	('1', 1, '0', '7', '2017-10-18 12:02:15'),
	('1', 1, '0', '7', '2017-10-18 12:03:00'),
	('1', 1, '0', '7', '2017-10-18 12:03:44'),
	('1', 1, '0', '7', '2017-10-18 12:04:29'),
	('1', 1, '0', '7', '2017-10-18 12:05:14'),
	('1', 1, '0', '7', '2017-10-18 12:05:58'),
	('1', 1, '0', '7', '2017-10-18 12:06:43'),
	('1', 1, '0', '7', '2017-10-18 12:07:28'),
	('1', 1, '0', '7', '2017-10-18 12:08:13'),
	('1', 1, '0', '7', '2017-10-18 12:08:57'),
	('1', 1, '0', '7', '2017-10-18 12:09:42'),
	('1', 1, '0', '7', '2017-10-18 12:10:27'),
	('1', 1, '0', '7', '2017-10-18 12:11:11'),
	('1', 1, '0', '7', '2017-10-18 12:11:56'),
	('1', 1, '0', '7', '2017-10-18 12:12:41'),
	('1', 1, '0', '7', '2017-10-18 12:13:26'),
	('1', 1, '0', '7', '2017-10-18 12:14:10'),
	('1', 1, '0', '7', '2017-10-18 12:14:55'),
	('1', 1, '0', '7', '2017-10-18 12:15:40'),
	('1', 1, '0', '7', '2017-10-18 12:16:24'),
	('1', 1, '0', '7', '2017-10-18 12:17:09'),
	('1', 1, '0', '7', '2017-10-18 12:17:54'),
	('1', 1, '0', '7', '2017-10-18 12:18:39'),
	('1', 1, '0', '7', '2017-10-18 12:19:23'),
	('1', 1, '0', '7', '2017-10-18 12:20:08'),
	('1', 1, '0', '7', '2017-10-18 12:20:53'),
	('1', 1, '0', '7', '2017-10-18 12:21:37'),
	('1', 1, '0', '7', '2017-10-18 12:22:22'),
	('1', 1, '0', '7', '2017-10-18 12:23:07'),
	('1', 1, '0', '7', '2017-10-18 12:23:51'),
	('1', 1, '0', '7', '2017-10-18 12:24:36'),
	('1', 1, '0', '7', '2017-10-18 12:25:21'),
	('1', 1, '0', '7', '2017-10-18 12:26:06'),
	('1', 1, '0', '7', '2017-10-18 12:26:50'),
	('1', 1, '0', '7', '2017-10-18 12:27:35'),
	('1', 1, '0', '7', '2017-10-18 12:28:20'),
	('1', 1, '0', '7', '2017-10-18 12:29:04'),
	('1', 1, '0', '7', '2017-10-18 12:29:49'),
	('1', 1, '0', '7', '2017-10-18 12:30:34'),
	('1', 1, '0', '7', '2017-10-18 12:31:19'),
	('1', 1, '0', '7', '2017-10-18 12:32:03'),
	('1', 1, '0', '7', '2017-10-18 12:32:48'),
	('1', 1, '0', '7', '2017-10-18 12:33:33'),
	('1', 1, '0', '7', '2017-10-18 12:41:58'),
	('1', 1, '0', '7', '2017-10-18 12:42:43'),
	('1', 1, '0', '7', '2017-10-18 12:43:28'),
	('1', 1, '0', '7', '2017-10-18 12:44:12'),
	('1', 1, '0', '7', '2017-10-18 12:44:57'),
	('1', 1, '0', '7', '2017-10-18 12:55:02'),
	('1', 1, '0', '7', '2017-10-18 12:55:46'),
	('1', 1, '0', '7', '2017-10-18 12:56:31'),
	('1', 1, '0', '7', '2017-10-18 12:57:16'),
	('1', 1, '0', '7', '2017-10-18 12:58:01'),
	('1', 1, '0', '7', '2017-10-18 13:14:19'),
	('1', 1, '0', '7', '2017-10-18 13:15:04'),
	('1', 1, '0', '7', '2017-10-18 13:15:48'),
	('1', 1, '0', '7', '2017-10-18 13:16:33'),
	('1', 1, '0', '7', '2017-10-18 13:17:18'),
	('1', 1, '0', '7', '2017-10-18 13:18:02'),
	('1', 1, '0', '7', '2017-10-18 13:22:52'),
	('1', 1, '0', '7', '2017-10-18 13:25:03'),
	('1', 1, '0', '7', '2017-10-18 14:22:33'),
	('1', 1, '0', '7', '2017-10-18 14:23:13'),
	('1', 1, '0', '7', '2017-10-18 14:23:53'),
	('1', 1, '0', '7', '2017-10-18 14:24:33'),
	('1', 1, '0', '7', '2017-10-18 14:25:13'),
	('1', 1, '0', '7', '2017-10-18 14:42:18'),
	('1', 1, '0', '7', '2017-10-18 14:42:58'),
	('1', 1, '0', '7', '2017-10-18 14:43:38'),
	('1', 1, '0', '7', '2017-10-18 14:44:18'),
	('1', 1, '0', '7', '2017-10-18 14:44:58'),
	('1', 1, '0', '7', '2017-10-18 14:45:38'),
	('1', 1, '0', '7', '2017-10-18 15:06:57'),
	('1', 1, '0', '7', '2017-10-18 15:07:37'),
	('1', 1, '0', '7', '2017-10-18 15:08:17'),
	('1', 1, '0', '7', '2017-10-18 15:08:57'),
	('1', 1, '0', '7', '2017-10-18 15:14:25'),
	('1', 1, '0', '7', '2017-10-18 15:15:05'),
	('1', 1, '0', '7', '2017-10-18 15:15:45'),
	('1', 1, '0', '7', '2017-10-18 15:16:25'),
	('1', 1, '0', '7', '2017-10-18 15:17:05'),
	('1', 1, '0', '7', '2017-10-18 15:17:45'),
	('1', 1, '0', '7', '2017-10-18 15:18:25'),
	('1', 1, '0', '7', '2017-10-18 15:19:05'),
	('1', 1, '0', '7', '2017-10-18 15:19:45'),
	('1', 1, '0', '7', '2017-10-18 15:20:25'),
	('1', 1, '0', '7', '2017-10-18 15:21:05'),
	('1', 1, '0', '7', '2017-10-18 15:21:45'),
	('1', 1, '0', '7', '2017-10-18 15:22:25'),
	('1', 1, '0', '7', '2017-10-18 15:23:05'),
	('1', 1, '0', '7', '2017-10-18 15:23:45'),
	('1', 1, '0', '7', '2017-10-18 15:24:25'),
	('1', 1, '0', '7', '2017-10-18 15:25:05'),
	('1', 1, '0', '7', '2017-10-18 15:25:45'),
	('1', 1, '0', '7', '2017-10-18 15:26:25'),
	('1', 1, '0', '7', '2017-10-18 15:27:05'),
	('1', 1, '0', '7', '2017-10-18 15:27:45'),
	('1', 1, '0', '7', '2017-10-18 15:28:25'),
	('1', 1, '0', '7', '2017-10-18 15:29:05'),
	('1', 1, '0', '7', '2017-10-18 15:29:45'),
	('1', 1, '0', '7', '2017-10-18 15:30:25'),
	('1', 1, '0', '7', '2017-10-18 15:31:05'),
	('1', 1, '0', '7', '2017-10-18 15:31:45'),
	('1', 1, '0', '7', '2017-10-18 15:32:25'),
	('1', 1, '0', '7', '2017-10-18 15:34:13'),
	('1', 1, '0', '7', '2017-10-18 15:35:43'),
	('1', 1, '0', '7', '2017-10-18 15:36:23'),
	('1', 1, '0', '7', '2017-10-18 15:37:03'),
	('1', 1, '0', '7', '2017-10-18 15:37:43'),
	('1', 1, '0', '7', '2017-10-18 15:38:23'),
	('1', 1, '0', '7', '2017-10-18 15:39:03'),
	('1', 1, '0', '7', '2017-10-18 15:39:43'),
	('1', 1, '0', '7', '2017-10-18 15:40:23'),
	('1', 1, '0', '7', '2017-10-18 15:41:03'),
	('1', 1, '0', '7', '2017-10-18 15:41:43'),
	('1', 1, '0', '7', '2017-10-18 15:42:23'),
	('1', 1, '0', '7', '2017-10-18 15:43:03'),
	('1', 1, '0', '7', '2017-10-18 15:44:36'),
	('1', 1, '0', '7', '2017-10-18 15:45:16'),
	('1', 1, '0', '7', '2017-10-18 15:45:56'),
	('1', 1, '0', '7', '2017-10-18 15:46:36'),
	('1', 1, '0', '7', '2017-10-18 15:47:16'),
	('1', 1, '0', '7', '2017-10-18 15:48:52'),
	('1', 1, '0', '7', '2017-10-18 15:49:32'),
	('1', 1, '0', '7', '2017-10-18 15:50:12'),
	('1', 1, '0', '7', '2017-10-18 15:50:52'),
	('1', 1, '0', '7', '2017-10-18 15:51:32'),
	('1', 1, '0', '7', '2017-10-18 15:52:12'),
	('1', 1, '0', '7', '2017-10-18 15:53:42'),
	('1', 1, '0', '7', '2017-10-18 15:54:22'),
	('1', 1, '0', '7', '2017-10-18 15:55:02'),
	('1', 1, '0', '7', '2017-10-18 15:55:42'),
	('1', 1, '0', '7', '2017-10-18 15:56:22'),
	('1', 1, '0', '7', '2017-10-18 15:57:02'),
	('1', 1, '0', '7', '2017-10-18 15:57:42'),
	('1', 1, '0', '7', '2017-10-18 15:58:22'),
	('1', 1, '0', '7', '2017-10-18 15:59:02'),
	('1', 1, '0', '7', '2017-10-18 15:59:42'),
	('1', 1, '0', '7', '2017-10-18 16:03:42'),
	('1', 1, '0', '7', '2017-10-18 16:06:21'),
	('1', 1, '0', '7', '2017-10-18 16:07:01'),
	('1', 1, '0', '7', '2017-10-18 16:07:41'),
	('1', 1, '0', '7', '2017-10-18 16:09:29'),
	('1', 1, '0', '7', '2017-10-18 16:10:09'),
	('1', 1, '0', '7', '2017-10-18 16:10:49'),
	('1', 1, '0', '7', '2017-10-18 16:11:29'),
	('1', 1, '0', '7', '2017-10-18 16:12:09'),
	('1', 1, '0', '7', '2017-10-18 16:12:49'),
	('1', 1, '0', '7', '2017-10-18 16:13:29'),
	('1', 1, '0', '7', '2017-10-18 16:14:09'),
	('1', 1, '0', '7', '2017-10-18 16:14:49'),
	('1', 1, '0', '7', '2017-10-18 16:17:47'),
	('1', 1, '0', '7', '2017-10-18 16:18:27'),
	('1', 1, '0', '7', '2017-10-18 16:19:07'),
	('1', 1, '0', '7', '2017-10-18 16:19:47'),
	('1', 1, '0', '7', '2017-10-18 16:20:27'),
	('1', 1, '0', '7', '2017-10-18 16:21:07'),
	('1', 1, '0', '7', '2017-10-18 16:21:47'),
	('1', 1, '0', '7', '2017-10-18 16:22:27'),
	('1', 1, '0', '7', '2017-10-18 16:23:07'),
	('1', 1, '0', '7', '2017-10-18 16:23:47'),
	('1', 1, '0', '7', '2017-10-18 16:24:27'),
	('1', 1, '0', '7', '2017-10-18 16:25:07'),
	('1', 1, '0', '7', '2017-10-18 16:25:47'),
	('1', 1, '0', '7', '2017-10-18 16:26:27'),
	('1', 1, '0', '7', '2017-10-18 16:27:07'),
	('1', 1, '0', '7', '2017-10-18 16:27:47'),
	('1', 1, '0', '7', '2017-10-18 16:28:27'),
	('1', 1, '0', '7', '2017-10-18 16:29:07'),
	('1', 1, '0', '7', '2017-10-18 16:29:47'),
	('1', 1, '0', '7', '2017-10-18 16:30:27'),
	('1', 1, '0', '7', '2017-10-18 16:31:07'),
	('1', 1, '0', '7', '2017-10-18 16:31:47'),
	('1', 1, '0', '7', '2017-10-18 16:32:27'),
	('1', 1, '0', '7', '2017-10-18 16:34:33'),
	('1', 1, '0', '7', '2017-10-18 16:35:13'),
	('1', 1, '0', '7', '2017-10-18 16:35:53'),
	('1', 1, '0', '7', '2017-10-18 16:36:33'),
	('1', 1, '0', '7', '2017-10-18 16:37:13'),
	('1', 1, '0', '7', '2017-10-18 16:38:38'),
	('1', 1, '0', '7', '2017-10-18 16:39:18'),
	('1', 1, '0', '7', '2017-10-18 16:39:58'),
	('1', 1, '0', '7', '2017-10-18 16:40:38'),
	('1', 1, '0', '7', '2017-10-18 16:41:18'),
	('1', 1, '0', '7', '2017-10-18 16:41:58'),
	('1', 1, '0', '7', '2017-10-18 16:42:38'),
	('PRODUCT_NUM_1', 1, '80.0', '20.0', '2017-10-31 13:24:05'),
	('PRODUCT_NUM_2', 2, '70.0', '20.0', '2017-10-31 13:24:05');
/*!40000 ALTER TABLE `comp_07_tb` ENABLE KEYS */;

-- 테이블 compdata.comp_08_tb 구조 내보내기
DROP TABLE IF EXISTS `comp_08_tb`;
CREATE TABLE IF NOT EXISTS `comp_08_tb` (
  `FK_PRODUCT_NUMBER` varchar(255) DEFAULT NULL,
  `ID` bigint(20) NOT NULL DEFAULT '0',
  `08_00` varchar(255) DEFAULT NULL,
  `08_01` varchar(255) DEFAULT NULL,
  `08_02` varchar(255) DEFAULT NULL,
  `08_03` varchar(255) DEFAULT NULL,
  `08_04` varchar(255) DEFAULT NULL,
  `08_05` varchar(255) DEFAULT NULL,
  `08_06` varchar(255) DEFAULT NULL,
  `08_07` varchar(255) DEFAULT NULL,
  `08_08` varchar(255) DEFAULT NULL,
  `SAVETIME` datetime DEFAULT NULL
) ENGINE=MyISAM DEFAULT CHARSET=latin1;

-- 테이블 데이터 compdata.comp_08_tb:237 rows 내보내기
DELETE FROM `comp_08_tb`;
/*!40000 ALTER TABLE `comp_08_tb` DISABLE KEYS */;
INSERT INTO `comp_08_tb` (`FK_PRODUCT_NUMBER`, `ID`, `08_00`, `08_01`, `08_02`, `08_03`, `08_04`, `08_05`, `08_06`, `08_07`, `08_08`, `SAVETIME`) VALUES
	('1', 1, '0', '0', '0', '0', '0', '0', '0', '0', '8', '2017-10-18 10:44:36'),
	('1', 1, '0', '0', '0', '0', '0', '0', '0', '0', '8', '2017-10-18 10:45:21'),
	('1', 1, '0', '0', '0', '0', '0', '0', '0', '0', '8', '2017-10-18 10:46:06'),
	('1', 1, '0', '0', '0', '0', '0', '0', '0', '0', '8', '2017-10-18 10:46:50'),
	('1', 1, '0', '0', '0', '0', '0', '0', '0', '0', '8', '2017-10-18 10:47:35'),
	('1', 1, '0', '0', '0', '0', '0', '0', '0', '0', '8', '2017-10-18 10:48:20'),
	('1', 1, '0', '0', '0', '0', '0', '0', '0', '0', '8', '2017-10-18 10:49:04'),
	('1', 1, '0', '0', '0', '0', '0', '0', '0', '0', '8', '2017-10-18 10:49:49'),
	('1', 1, '0', '0', '0', '0', '0', '0', '0', '0', '8', '2017-10-18 10:50:34'),
	('1', 1, '0', '0', '0', '0', '0', '0', '0', '0', '8', '2017-10-18 10:51:18'),
	('1', 1, '0', '0', '0', '0', '0', '0', '0', '0', '8', '2017-10-18 10:52:03'),
	('1', 1, '0', '0', '0', '0', '0', '0', '0', '0', '8', '2017-10-18 10:52:48'),
	('1', 1, '0', '0', '0', '0', '0', '0', '0', '0', '8', '2017-10-18 10:53:33'),
	('1', 1, '0', '0', '0', '0', '0', '0', '0', '0', '8', '2017-10-18 10:54:17'),
	('1', 1, '0', '0', '0', '0', '0', '0', '0', '0', '8', '2017-10-18 10:55:02'),
	('1', 1, '0', '0', '0', '0', '0', '0', '0', '0', '8', '2017-10-18 10:55:47'),
	('1', 1, '0', '0', '0', '0', '0', '0', '0', '0', '8', '2017-10-18 10:56:31'),
	('1', 1, '0', '0', '0', '0', '0', '0', '0', '0', '8', '2017-10-18 10:57:16'),
	('1', 1, '0', '0', '0', '0', '0', '0', '0', '0', '8', '2017-10-18 10:58:01'),
	('1', 1, '0', '0', '0', '0', '0', '0', '0', '0', '8', '2017-10-18 10:58:46'),
	('1', 1, '0', '0', '0', '0', '0', '0', '0', '0', '8', '2017-10-18 10:59:30'),
	('1', 1, '0', '0', '0', '0', '0', '0', '0', '0', '8', '2017-10-18 11:00:15'),
	('1', 1, '0', '0', '0', '0', '0', '0', '0', '0', '8', '2017-10-18 11:01:00'),
	('1', 1, '0', '0', '0', '0', '0', '0', '0', '0', '8', '2017-10-18 11:01:44'),
	('1', 1, '0', '0', '0', '0', '0', '0', '0', '0', '8', '2017-10-18 11:02:29'),
	('1', 1, '0', '0', '0', '0', '0', '0', '0', '0', '8', '2017-10-18 11:03:14'),
	('1', 1, '0', '0', '0', '0', '0', '0', '0', '0', '8', '2017-10-18 11:03:58'),
	('1', 1, '0', '0', '0', '0', '0', '0', '0', '0', '8', '2017-10-18 11:04:43'),
	('1', 1, '0', '0', '0', '0', '0', '0', '0', '0', '8', '2017-10-18 11:05:28'),
	('1', 1, '0', '0', '0', '0', '0', '0', '0', '0', '8', '2017-10-18 11:06:13'),
	('1', 1, '0', '0', '0', '0', '0', '0', '0', '0', '8', '2017-10-18 11:06:57'),
	('1', 1, '0', '0', '0', '0', '0', '0', '0', '0', '8', '2017-10-18 11:07:42'),
	('1', 1, '0', '0', '0', '0', '0', '0', '0', '0', '8', '2017-10-18 11:08:27'),
	('1', 1, '0', '0', '0', '0', '0', '0', '0', '0', '8', '2017-10-18 11:09:11'),
	('1', 1, '0', '0', '0', '0', '0', '0', '0', '0', '8', '2017-10-18 11:09:56'),
	('1', 1, '0', '0', '0', '0', '0', '0', '0', '0', '8', '2017-10-18 11:10:41'),
	('1', 1, '0', '0', '0', '0', '0', '0', '0', '0', '8', '2017-10-18 11:11:26'),
	('1', 1, '0', '0', '0', '0', '0', '0', '0', '0', '8', '2017-10-18 11:12:10'),
	('1', 1, '0', '0', '0', '0', '0', '0', '0', '0', '8', '2017-10-18 11:28:48'),
	('1', 1, '0', '0', '0', '0', '0', '0', '0', '0', '8', '2017-10-18 11:29:33'),
	('1', 1, '0', '0', '0', '0', '0', '0', '0', '0', '8', '2017-10-18 11:30:18'),
	('1', 1, '0', '0', '0', '0', '0', '0', '0', '0', '8', '2017-10-18 11:31:02'),
	('1', 1, '0', '0', '0', '0', '0', '0', '0', '0', '8', '2017-10-18 11:54:53'),
	('1', 1, '0', '0', '0', '0', '0', '0', '0', '0', '8', '2017-10-18 11:55:38'),
	('1', 1, '0', '0', '0', '0', '0', '0', '0', '0', '8', '2017-10-18 11:56:23'),
	('1', 1, '0', '0', '0', '0', '0', '0', '0', '0', '8', '2017-10-18 11:57:08'),
	('1', 1, '0', '0', '0', '0', '0', '0', '0', '0', '8', '2017-10-18 11:57:52'),
	('1', 1, '0', '0', '0', '0', '0', '0', '0', '0', '8', '2017-10-18 11:58:37'),
	('1', 1, '0', '0', '0', '0', '0', '0', '0', '0', '8', '2017-10-18 11:59:22'),
	('1', 1, '0', '0', '0', '0', '0', '0', '0', '0', '8', '2017-10-18 12:00:06'),
	('1', 1, '0', '0', '0', '0', '0', '0', '0', '0', '8', '2017-10-18 12:00:51'),
	('1', 1, '0', '0', '0', '0', '0', '0', '0', '0', '8', '2017-10-18 12:01:36'),
	('1', 1, '0', '0', '0', '0', '0', '0', '0', '0', '8', '2017-10-18 12:02:21'),
	('1', 1, '0', '0', '0', '0', '0', '0', '0', '0', '8', '2017-10-18 12:03:05'),
	('1', 1, '0', '0', '0', '0', '0', '0', '0', '0', '8', '2017-10-18 12:03:50'),
	('1', 1, '0', '0', '0', '0', '0', '0', '0', '0', '8', '2017-10-18 12:04:35'),
	('1', 1, '0', '0', '0', '0', '0', '0', '0', '0', '8', '2017-10-18 12:05:19'),
	('1', 1, '0', '0', '0', '0', '0', '0', '0', '0', '8', '2017-10-18 12:06:04'),
	('1', 1, '0', '0', '0', '0', '0', '0', '0', '0', '8', '2017-10-18 12:06:49'),
	('1', 1, '0', '0', '0', '0', '0', '0', '0', '0', '8', '2017-10-18 12:07:34'),
	('1', 1, '0', '0', '0', '0', '0', '0', '0', '0', '8', '2017-10-18 12:08:18'),
	('1', 1, '0', '0', '0', '0', '0', '0', '0', '0', '8', '2017-10-18 12:09:03'),
	('1', 1, '0', '0', '0', '0', '0', '0', '0', '0', '8', '2017-10-18 12:09:48'),
	('1', 1, '0', '0', '0', '0', '0', '0', '0', '0', '8', '2017-10-18 12:10:32'),
	('1', 1, '0', '0', '0', '0', '0', '0', '0', '0', '8', '2017-10-18 12:11:17'),
	('1', 1, '0', '0', '0', '0', '0', '0', '0', '0', '8', '2017-10-18 12:12:02'),
	('1', 1, '0', '0', '0', '0', '0', '0', '0', '0', '8', '2017-10-18 12:12:46'),
	('1', 1, '0', '0', '0', '0', '0', '0', '0', '0', '8', '2017-10-18 12:13:31'),
	('1', 1, '0', '0', '0', '0', '0', '0', '0', '0', '8', '2017-10-18 12:14:16'),
	('1', 1, '0', '0', '0', '0', '0', '0', '0', '0', '8', '2017-10-18 12:15:01'),
	('1', 1, '0', '0', '0', '0', '0', '0', '0', '0', '8', '2017-10-18 12:15:45'),
	('1', 1, '0', '0', '0', '0', '0', '0', '0', '0', '8', '2017-10-18 12:16:30'),
	('1', 1, '0', '0', '0', '0', '0', '0', '0', '0', '8', '2017-10-18 12:17:15'),
	('1', 1, '0', '0', '0', '0', '0', '0', '0', '0', '8', '2017-10-18 12:17:59'),
	('1', 1, '0', '0', '0', '0', '0', '0', '0', '0', '8', '2017-10-18 12:18:44'),
	('1', 1, '0', '0', '0', '0', '0', '0', '0', '0', '8', '2017-10-18 12:19:29'),
	('1', 1, '0', '0', '0', '0', '0', '0', '0', '0', '8', '2017-10-18 12:20:14'),
	('1', 1, '0', '0', '0', '0', '0', '0', '0', '0', '8', '2017-10-18 12:20:58'),
	('1', 1, '0', '0', '0', '0', '0', '0', '0', '0', '8', '2017-10-18 12:21:43'),
	('1', 1, '0', '0', '0', '0', '0', '0', '0', '0', '8', '2017-10-18 12:22:28'),
	('1', 1, '0', '0', '0', '0', '0', '0', '0', '0', '8', '2017-10-18 12:23:12'),
	('1', 1, '0', '0', '0', '0', '0', '0', '0', '0', '8', '2017-10-18 12:23:57'),
	('1', 1, '0', '0', '0', '0', '0', '0', '0', '0', '8', '2017-10-18 12:24:42'),
	('1', 1, '0', '0', '0', '0', '0', '0', '0', '0', '8', '2017-10-18 12:25:26'),
	('1', 1, '0', '0', '0', '0', '0', '0', '0', '0', '8', '2017-10-18 12:26:11'),
	('1', 1, '0', '0', '0', '0', '0', '0', '0', '0', '8', '2017-10-18 12:26:56'),
	('1', 1, '0', '0', '0', '0', '0', '0', '0', '0', '8', '2017-10-18 12:27:41'),
	('1', 1, '0', '0', '0', '0', '0', '0', '0', '0', '8', '2017-10-18 12:28:25'),
	('1', 1, '0', '0', '0', '0', '0', '0', '0', '0', '8', '2017-10-18 12:29:10'),
	('1', 1, '0', '0', '0', '0', '0', '0', '0', '0', '8', '2017-10-18 12:29:55'),
	('1', 1, '0', '0', '0', '0', '0', '0', '0', '0', '8', '2017-10-18 12:30:39'),
	('1', 1, '0', '0', '0', '0', '0', '0', '0', '0', '8', '2017-10-18 12:31:24'),
	('1', 1, '0', '0', '0', '0', '0', '0', '0', '0', '8', '2017-10-18 12:32:09'),
	('1', 1, '0', '0', '0', '0', '0', '0', '0', '0', '8', '2017-10-18 12:32:54'),
	('1', 1, '0', '0', '0', '0', '0', '0', '0', '0', '8', '2017-10-18 12:33:38'),
	('1', 1, '0', '0', '0', '0', '0', '0', '0', '0', '8', '2017-10-18 12:42:04'),
	('1', 1, '0', '0', '0', '0', '0', '0', '0', '0', '8', '2017-10-18 12:42:48'),
	('1', 1, '0', '0', '0', '0', '0', '0', '0', '0', '8', '2017-10-18 12:43:33'),
	('1', 1, '0', '0', '0', '0', '0', '0', '0', '0', '8', '2017-10-18 12:44:18'),
	('1', 1, '0', '0', '0', '0', '0', '0', '0', '0', '8', '2017-10-18 12:55:07'),
	('1', 1, '0', '0', '0', '0', '0', '0', '0', '0', '8', '2017-10-18 12:55:52'),
	('1', 1, '0', '0', '0', '0', '0', '0', '0', '0', '8', '2017-10-18 12:56:37'),
	('1', 1, '0', '0', '0', '0', '0', '0', '0', '0', '8', '2017-10-18 12:57:21'),
	('1', 1, '0', '0', '0', '0', '0', '0', '0', '0', '8', '2017-10-18 12:58:06'),
	('1', 1, '0', '0', '0', '0', '0', '0', '0', '0', '8', '2017-10-18 13:14:24'),
	('1', 1, '0', '0', '0', '0', '0', '0', '0', '0', '8', '2017-10-18 13:15:09'),
	('1', 1, '0', '0', '0', '0', '0', '0', '0', '0', '8', '2017-10-18 13:15:54'),
	('1', 1, '0', '0', '0', '0', '0', '0', '0', '0', '8', '2017-10-18 13:16:39'),
	('1', 1, '0', '0', '0', '0', '0', '0', '0', '0', '8', '2017-10-18 13:17:23'),
	('1', 1, '0', '0', '0', '0', '0', '0', '0', '0', '8', '2017-10-18 13:18:08'),
	('1', 1, '0', '0', '0', '0', '0', '0', '0', '0', '8', '2017-10-18 13:25:09'),
	('1', 1, '0', '0', '0', '0', '0', '0', '0', '0', '8', '2017-10-18 14:22:38'),
	('1', 1, '0', '0', '0', '0', '0', '0', '0', '0', '8', '2017-10-18 14:23:18'),
	('1', 1, '0', '0', '0', '0', '0', '0', '0', '0', '8', '2017-10-18 14:23:58'),
	('1', 1, '0', '0', '0', '0', '0', '0', '0', '0', '8', '2017-10-18 14:24:38'),
	('1', 1, '0', '0', '0', '0', '0', '0', '0', '0', '8', '2017-10-18 14:25:18'),
	('1', 1, '0', '0', '0', '0', '0', '0', '0', '0', '8', '2017-10-18 14:42:23'),
	('1', 1, '0', '0', '0', '0', '0', '0', '0', '0', '8', '2017-10-18 14:43:03'),
	('1', 1, '0', '0', '0', '0', '0', '0', '0', '0', '8', '2017-10-18 14:43:43'),
	('1', 1, '0', '0', '0', '0', '0', '0', '0', '0', '8', '2017-10-18 14:44:23'),
	('1', 1, '0', '0', '0', '0', '0', '0', '0', '0', '8', '2017-10-18 14:45:03'),
	('1', 1, '0', '0', '0', '0', '0', '0', '0', '0', '8', '2017-10-18 14:45:43'),
	('1', 1, '0', '0', '0', '0', '0', '0', '0', '0', '8', '2017-10-18 15:07:02'),
	('1', 1, '0', '0', '0', '0', '0', '0', '0', '0', '8', '2017-10-18 15:07:42'),
	('1', 1, '0', '0', '0', '0', '0', '0', '0', '0', '8', '2017-10-18 15:08:22'),
	('1', 1, '0', '0', '0', '0', '0', '0', '0', '0', '8', '2017-10-18 15:09:02'),
	('1', 1, '0', '0', '0', '0', '0', '0', '0', '0', '8', '2017-10-18 15:14:31'),
	('1', 1, '0', '0', '0', '0', '0', '0', '0', '0', '8', '2017-10-18 15:15:11'),
	('1', 1, '0', '0', '0', '0', '0', '0', '0', '0', '8', '2017-10-18 15:15:51'),
	('1', 1, '0', '0', '0', '0', '0', '0', '0', '0', '8', '2017-10-18 15:16:31'),
	('1', 1, '0', '0', '0', '0', '0', '0', '0', '0', '8', '2017-10-18 15:17:11'),
	('1', 1, '0', '0', '0', '0', '0', '0', '0', '0', '8', '2017-10-18 15:17:51'),
	('1', 1, '0', '0', '0', '0', '0', '0', '0', '0', '8', '2017-10-18 15:18:31'),
	('1', 1, '0', '0', '0', '0', '0', '0', '0', '0', '8', '2017-10-18 15:19:11'),
	('1', 1, '0', '0', '0', '0', '0', '0', '0', '0', '8', '2017-10-18 15:19:51'),
	('1', 1, '0', '0', '0', '0', '0', '0', '0', '0', '8', '2017-10-18 15:20:31'),
	('1', 1, '0', '0', '0', '0', '0', '0', '0', '0', '8', '2017-10-18 15:21:11'),
	('1', 1, '0', '0', '0', '0', '0', '0', '0', '0', '8', '2017-10-18 15:21:51'),
	('1', 1, '0', '0', '0', '0', '0', '0', '0', '0', '8', '2017-10-18 15:22:31'),
	('1', 1, '0', '0', '0', '0', '0', '0', '0', '0', '8', '2017-10-18 15:23:11'),
	('1', 1, '0', '0', '0', '0', '0', '0', '0', '0', '8', '2017-10-18 15:23:51'),
	('1', 1, '0', '0', '0', '0', '0', '0', '0', '0', '8', '2017-10-18 15:24:31'),
	('1', 1, '0', '0', '0', '0', '0', '0', '0', '0', '8', '2017-10-18 15:25:11'),
	('1', 1, '0', '0', '0', '0', '0', '0', '0', '0', '8', '2017-10-18 15:25:51'),
	('1', 1, '0', '0', '0', '0', '0', '0', '0', '0', '8', '2017-10-18 15:26:31'),
	('1', 1, '0', '0', '0', '0', '0', '0', '0', '0', '8', '2017-10-18 15:27:11'),
	('1', 1, '0', '0', '0', '0', '0', '0', '0', '0', '8', '2017-10-18 15:27:51'),
	('1', 1, '0', '0', '0', '0', '0', '0', '0', '0', '8', '2017-10-18 15:28:31'),
	('1', 1, '0', '0', '0', '0', '0', '0', '0', '0', '8', '2017-10-18 15:29:11'),
	('1', 1, '0', '0', '0', '0', '0', '0', '0', '0', '8', '2017-10-18 15:29:51'),
	('1', 1, '0', '0', '0', '0', '0', '0', '0', '0', '8', '2017-10-18 15:30:31'),
	('1', 1, '0', '0', '0', '0', '0', '0', '0', '0', '8', '2017-10-18 15:31:11'),
	('1', 1, '0', '0', '0', '0', '0', '0', '0', '0', '8', '2017-10-18 15:31:51'),
	('1', 1, '0', '0', '0', '0', '0', '0', '0', '0', '8', '2017-10-18 15:32:31'),
	('1', 1, '0', '0', '0', '0', '0', '0', '0', '0', '8', '2017-10-18 15:34:18'),
	('1', 1, '0', '0', '0', '0', '0', '0', '0', '0', '8', '2017-10-18 15:35:48'),
	('1', 1, '0', '0', '0', '0', '0', '0', '0', '0', '8', '2017-10-18 15:36:28'),
	('1', 1, '0', '0', '0', '0', '0', '0', '0', '0', '8', '2017-10-18 15:37:08'),
	('1', 1, '0', '0', '0', '0', '0', '0', '0', '0', '8', '2017-10-18 15:37:48'),
	('1', 1, '0', '0', '0', '0', '0', '0', '0', '0', '8', '2017-10-18 15:38:28'),
	('1', 1, '0', '0', '0', '0', '0', '0', '0', '0', '8', '2017-10-18 15:39:08'),
	('1', 1, '0', '0', '0', '0', '0', '0', '0', '0', '8', '2017-10-18 15:39:48'),
	('1', 1, '0', '0', '0', '0', '0', '0', '0', '0', '8', '2017-10-18 15:40:28'),
	('1', 1, '0', '0', '0', '0', '0', '0', '0', '0', '8', '2017-10-18 15:41:08'),
	('1', 1, '0', '0', '0', '0', '0', '0', '0', '0', '8', '2017-10-18 15:41:48'),
	('1', 1, '0', '0', '0', '0', '0', '0', '0', '0', '8', '2017-10-18 15:42:28'),
	('1', 1, '0', '0', '0', '0', '0', '0', '0', '0', '8', '2017-10-18 15:43:08'),
	('1', 1, '0', '0', '0', '0', '0', '0', '0', '0', '8', '2017-10-18 15:44:41'),
	('1', 1, '0', '0', '0', '0', '0', '0', '0', '0', '8', '2017-10-18 15:45:21'),
	('1', 1, '0', '0', '0', '0', '0', '0', '0', '0', '8', '2017-10-18 15:46:01'),
	('1', 1, '0', '0', '0', '0', '0', '0', '0', '0', '8', '2017-10-18 15:46:41'),
	('1', 1, '0', '0', '0', '0', '0', '0', '0', '0', '8', '2017-10-18 15:47:21'),
	('1', 1, '0', '0', '0', '0', '0', '0', '0', '0', '8', '2017-10-18 15:48:57'),
	('1', 1, '0', '0', '0', '0', '0', '0', '0', '0', '8', '2017-10-18 15:49:37'),
	('1', 1, '0', '0', '0', '0', '0', '0', '0', '0', '8', '2017-10-18 15:50:17'),
	('1', 1, '0', '0', '0', '0', '0', '0', '0', '0', '8', '2017-10-18 15:50:57'),
	('1', 1, '0', '0', '0', '0', '0', '0', '0', '0', '8', '2017-10-18 15:51:37'),
	('1', 1, '0', '0', '0', '0', '0', '0', '0', '0', '8', '2017-10-18 15:52:17'),
	('1', 1, '0', '0', '0', '0', '0', '0', '0', '0', '8', '2017-10-18 15:53:47'),
	('1', 1, '0', '0', '0', '0', '0', '0', '0', '0', '8', '2017-10-18 15:54:27'),
	('1', 1, '0', '0', '0', '0', '0', '0', '0', '0', '8', '2017-10-18 15:55:07'),
	('1', 1, '0', '0', '0', '0', '0', '0', '0', '0', '8', '2017-10-18 15:55:47'),
	('1', 1, '0', '0', '0', '0', '0', '0', '0', '0', '8', '2017-10-18 15:56:27'),
	('1', 1, '0', '0', '0', '0', '0', '0', '0', '0', '8', '2017-10-18 15:57:07'),
	('1', 1, '0', '0', '0', '0', '0', '0', '0', '0', '8', '2017-10-18 15:57:47'),
	('1', 1, '0', '0', '0', '0', '0', '0', '0', '0', '8', '2017-10-18 15:58:27'),
	('1', 1, '0', '0', '0', '0', '0', '0', '0', '0', '8', '2017-10-18 15:59:07'),
	('1', 1, '0', '0', '0', '0', '0', '0', '0', '0', '8', '2017-10-18 15:59:47'),
	('1', 1, '0', '0', '0', '0', '0', '0', '0', '0', '8', '2017-10-18 16:06:26'),
	('1', 1, '0', '0', '0', '0', '0', '0', '0', '0', '8', '2017-10-18 16:07:06'),
	('1', 1, '0', '0', '0', '0', '0', '0', '0', '0', '8', '2017-10-18 16:07:46'),
	('1', 1, '0', '0', '0', '0', '0', '0', '0', '0', '8', '2017-10-18 16:09:34'),
	('1', 1, '0', '0', '0', '0', '0', '0', '0', '0', '8', '2017-10-18 16:10:14'),
	('1', 1, '0', '0', '0', '0', '0', '0', '0', '0', '8', '2017-10-18 16:10:54'),
	('1', 1, '0', '0', '0', '0', '0', '0', '0', '0', '8', '2017-10-18 16:11:34'),
	('1', 1, '0', '0', '0', '0', '0', '0', '0', '0', '8', '2017-10-18 16:12:14'),
	('1', 1, '0', '0', '0', '0', '0', '0', '0', '0', '8', '2017-10-18 16:12:54'),
	('1', 1, '0', '0', '0', '0', '0', '0', '0', '0', '8', '2017-10-18 16:13:34'),
	('1', 1, '0', '0', '0', '0', '0', '0', '0', '0', '8', '2017-10-18 16:14:14'),
	('1', 1, '0', '0', '0', '0', '0', '0', '0', '0', '8', '2017-10-18 16:14:54'),
	('1', 1, '0', '0', '0', '0', '0', '0', '0', '0', '8', '2017-10-18 16:17:52'),
	('1', 1, '0', '0', '0', '0', '0', '0', '0', '0', '8', '2017-10-18 16:18:32'),
	('1', 1, '0', '0', '0', '0', '0', '0', '0', '0', '8', '2017-10-18 16:19:12'),
	('1', 1, '0', '0', '0', '0', '0', '0', '0', '0', '8', '2017-10-18 16:19:52'),
	('1', 1, '0', '0', '0', '0', '0', '0', '0', '0', '8', '2017-10-18 16:20:32'),
	('1', 1, '0', '0', '0', '0', '0', '0', '0', '0', '8', '2017-10-18 16:21:12'),
	('1', 1, '0', '0', '0', '0', '0', '0', '0', '0', '8', '2017-10-18 16:21:52'),
	('1', 1, '0', '0', '0', '0', '0', '0', '0', '0', '8', '2017-10-18 16:22:32'),
	('1', 1, '0', '0', '0', '0', '0', '0', '0', '0', '8', '2017-10-18 16:23:12'),
	('1', 1, '0', '0', '0', '0', '0', '0', '0', '0', '8', '2017-10-18 16:23:52'),
	('1', 1, '0', '0', '0', '0', '0', '0', '0', '0', '8', '2017-10-18 16:24:32'),
	('1', 1, '0', '0', '0', '0', '0', '0', '0', '0', '8', '2017-10-18 16:25:12'),
	('1', 1, '0', '0', '0', '0', '0', '0', '0', '0', '8', '2017-10-18 16:25:52'),
	('1', 1, '0', '0', '0', '0', '0', '0', '0', '0', '8', '2017-10-18 16:26:32'),
	('1', 1, '0', '0', '0', '0', '0', '0', '0', '0', '8', '2017-10-18 16:27:12'),
	('1', 1, '0', '0', '0', '0', '0', '0', '0', '0', '8', '2017-10-18 16:27:52'),
	('1', 1, '0', '0', '0', '0', '0', '0', '0', '0', '8', '2017-10-18 16:28:32'),
	('1', 1, '0', '0', '0', '0', '0', '0', '0', '0', '8', '2017-10-18 16:29:12'),
	('1', 1, '0', '0', '0', '0', '0', '0', '0', '0', '8', '2017-10-18 16:29:52'),
	('1', 1, '0', '0', '0', '0', '0', '0', '0', '0', '8', '2017-10-18 16:30:32'),
	('1', 1, '0', '0', '0', '0', '0', '0', '0', '0', '8', '2017-10-18 16:31:12'),
	('1', 1, '0', '0', '0', '0', '0', '0', '0', '0', '8', '2017-10-18 16:31:52'),
	('1', 1, '0', '0', '0', '0', '0', '0', '0', '0', '8', '2017-10-18 16:32:32'),
	('1', 1, '0', '0', '0', '0', '0', '0', '0', '0', '8', '2017-10-18 16:34:38'),
	('1', 1, '0', '0', '0', '0', '0', '0', '0', '0', '8', '2017-10-18 16:35:18'),
	('1', 1, '0', '0', '0', '0', '0', '0', '0', '0', '8', '2017-10-18 16:35:58'),
	('1', 1, '0', '0', '0', '0', '0', '0', '0', '0', '8', '2017-10-18 16:36:38'),
	('1', 1, '0', '0', '0', '0', '0', '0', '0', '0', '8', '2017-10-18 16:37:18'),
	('1', 1, '0', '0', '0', '0', '0', '0', '0', '0', '8', '2017-10-18 16:38:43'),
	('1', 1, '0', '0', '0', '0', '0', '0', '0', '0', '8', '2017-10-18 16:39:23'),
	('1', 1, '0', '0', '0', '0', '0', '0', '0', '0', '8', '2017-10-18 16:40:03'),
	('1', 1, '0', '0', '0', '0', '0', '0', '0', '0', '8', '2017-10-18 16:40:43'),
	('1', 1, '0', '0', '0', '0', '0', '0', '0', '0', '8', '2017-10-18 16:41:23'),
	('1', 1, '0', '0', '0', '0', '0', '0', '0', '0', '8', '2017-10-18 16:42:03'),
	('1', 1, '0', '0', '0', '0', '0', '0', '0', '0', '8', '2017-10-18 16:42:43'),
	('PRODUCT_NUM_1', 1, '7000', '100000', '300000', '7500', '6', '8', '15', '5', '150.0', '2017-10-31 13:24:05'),
	('PRODUCT_NUM_2', 2, '8000', '200000', '400000', '8500', '7', '9', '25', '6', '250.0', '2017-10-31 13:24:05');
/*!40000 ALTER TABLE `comp_08_tb` ENABLE KEYS */;

-- 테이블 compdata.comp_data_tb 구조 내보내기
DROP TABLE IF EXISTS `comp_data_tb`;
CREATE TABLE IF NOT EXISTS `comp_data_tb` (
  `ID` bigint(20) NOT NULL DEFAULT '0',
  `PRODUCT_NUM` varchar(255) DEFAULT NULL,
  `MODEL_NM` varchar(255) DEFAULT NULL,
  `BARCODE` varchar(255) DEFAULT NULL,
  `FK_CODE_ID_AFTER_SERVICE` varchar(255) DEFAULT NULL,
  `FK_CODE_ID_STATUS` varchar(255) DEFAULT NULL,
  `FK_LOCATION_ID` bigint(20) DEFAULT NULL,
  `FK_COMPANY_ID_OPERATOR` bigint(20) DEFAULT NULL,
  `FK_COMPANY_ID_CONSUMER` bigint(20) DEFAULT NULL,
  `MANUFACTURE_TIME` datetime DEFAULT NULL,
  `PUBLISH_TIME` datetime DEFAULT NULL,
  `FK_USER_ID_CREATE` bigint(20) DEFAULT NULL,
  `FK_USER_ID_UPDATE` bigint(20) DEFAULT NULL,
  `CREATE_TIME` datetime DEFAULT NULL,
  `UPDATE_TIME` datetime DEFAULT NULL,
  `ALIVE` varchar(255) DEFAULT NULL,
  PRIMARY KEY (`ID`),
  KEY `PRODUCT_NUM` (`PRODUCT_NUM`)
) ENGINE=MyISAM DEFAULT CHARSET=utf8;

-- 테이블 데이터 compdata.comp_data_tb:5 rows 내보내기
DELETE FROM `comp_data_tb`;
/*!40000 ALTER TABLE `comp_data_tb` DISABLE KEYS */;
INSERT INTO `comp_data_tb` (`ID`, `PRODUCT_NUM`, `MODEL_NM`, `BARCODE`, `FK_CODE_ID_AFTER_SERVICE`, `FK_CODE_ID_STATUS`, `FK_LOCATION_ID`, `FK_COMPANY_ID_OPERATOR`, `FK_COMPANY_ID_CONSUMER`, `MANUFACTURE_TIME`, `PUBLISH_TIME`, `FK_USER_ID_CREATE`, `FK_USER_ID_UPDATE`, `CREATE_TIME`, `UPDATE_TIME`, `ALIVE`) VALUES
	(1, 'PRODUCT_NUM_1', 'MODEL_NM_1', 'BARCODE_1', '11001', '10003', 1, 1, 2, '2017-10-31 13:14:42', '2017-10-31 13:14:42', 3, 3, '2017-10-31 13:14:42', '2017-10-31 13:14:42', '1'),
	(2, 'PRODUCT_NUM_2', 'MODEL_NM_2', 'BARCODE_2', '11001', '10003', NULL, 1, 2, '2017-10-31 13:14:42', '2017-10-31 13:14:42', 3, 3, '2017-10-31 13:14:42', '2017-10-31 13:14:42', '1'),
	(3, 'PRODUCT_NUM_3', 'MODEL_NM_3', 'BARCODE_3', '11001', '10003', NULL, 3, 3, '2017-10-31 13:14:42', '2017-10-31 13:14:42', 3, 3, '2017-10-31 13:14:42', '2017-10-31 13:14:42', '0'),
	(4, 'PRODUCT_NUM_4', 'MODEL_NM_4', 'BARCODE_4', '11001', '10003', NULL, 3, 2, '2017-10-31 13:14:42', '2017-10-31 13:14:42', 3, 3, '2017-10-31 13:14:42', '2017-10-31 13:14:42', '1'),
	(5, 'PRODUCT_NUM_5', 'MODEL_NM_5', 'BARCODE_5', '11001', '10003', NULL, 1, 2, '2017-10-31 13:14:42', '2017-10-31 13:14:42', 3, 3, '2017-10-31 13:14:42', '2017-10-31 13:14:42', '0');
/*!40000 ALTER TABLE `comp_data_tb` ENABLE KEYS */;

-- 테이블 compdata.comp_part_tb 구조 내보내기
DROP TABLE IF EXISTS `comp_part_tb`;
CREATE TABLE IF NOT EXISTS `comp_part_tb` (
  `ID` bigint(20) NOT NULL DEFAULT '0',
  `PART_NUM` varchar(255) DEFAULT NULL,
  `FK_COMP_DATA_ID` bigint(20) DEFAULT NULL,
  `FK_CODE_ID_TYPE` varchar(255) DEFAULT NULL,
  `FK_CODE_ID_STATUS` varchar(255) DEFAULT NULL,
  `FK_USER_ID_CREATE` bigint(20) DEFAULT NULL,
  `FK_USER_ID_UPDATE` bigint(20) DEFAULT NULL,
  `CREATE_TIME` datetime DEFAULT NULL,
  `UPDATE_TIME` datetime DEFAULT NULL,
  PRIMARY KEY (`ID`)
) ENGINE=MyISAM DEFAULT CHARSET=utf8;

-- 테이블 데이터 compdata.comp_part_tb:2 rows 내보내기
DELETE FROM `comp_part_tb`;
/*!40000 ALTER TABLE `comp_part_tb` DISABLE KEYS */;
INSERT INTO `comp_part_tb` (`ID`, `PART_NUM`, `FK_COMP_DATA_ID`, `FK_CODE_ID_TYPE`, `FK_CODE_ID_STATUS`, `FK_USER_ID_CREATE`, `FK_USER_ID_UPDATE`, `CREATE_TIME`, `UPDATE_TIME`) VALUES
	(1, 'PART_NUM_1', 1, '51001', '50001', 3, 3, '2017-10-31 13:14:42', '2017-10-31 13:14:42'),
	(2, 'PART_NUM_2', 1, '51002', '50001', 3, 3, '2017-10-31 13:14:42', '2017-10-31 13:14:42');
/*!40000 ALTER TABLE `comp_part_tb` ENABLE KEYS */;

-- 테이블 compdata.location_tb 구조 내보내기
DROP TABLE IF EXISTS `location_tb`;
CREATE TABLE IF NOT EXISTS `location_tb` (
  `ID` bigint(20) NOT NULL DEFAULT '0',
  `FK_CODE_ID_COUNTRY` varchar(255) DEFAULT NULL,
  `FK_CODE_ID_AREA` varchar(255) DEFAULT NULL,
  PRIMARY KEY (`ID`)
) ENGINE=MyISAM DEFAULT CHARSET=utf8;

-- 테이블 데이터 compdata.location_tb:1 rows 내보내기
DELETE FROM `location_tb`;
/*!40000 ALTER TABLE `location_tb` DISABLE KEYS */;
INSERT INTO `location_tb` (`ID`, `FK_CODE_ID_COUNTRY`, `FK_CODE_ID_AREA`) VALUES
	(1, '40001', '41001');
/*!40000 ALTER TABLE `location_tb` ENABLE KEYS */;

-- 테이블 compdata.user_role_tb 구조 내보내기
DROP TABLE IF EXISTS `user_role_tb`;
CREATE TABLE IF NOT EXISTS `user_role_tb` (
  `FK_CODE_ID_ROLE` varchar(255) NOT NULL,
  `FK_USER_ID` bigint(20) NOT NULL DEFAULT '0',
  PRIMARY KEY (`FK_CODE_ID_ROLE`,`FK_USER_ID`)
) ENGINE=MyISAM DEFAULT CHARSET=utf8;

-- 테이블 데이터 compdata.user_role_tb:5 rows 내보내기
DELETE FROM `user_role_tb`;
/*!40000 ALTER TABLE `user_role_tb` DISABLE KEYS */;
INSERT INTO `user_role_tb` (`FK_CODE_ID_ROLE`, `FK_USER_ID`) VALUES
	('32001', 4),
	('32001', 100),
	('32002', 2),
	('32002', 3),
	('32002', 4);
/*!40000 ALTER TABLE `user_role_tb` ENABLE KEYS */;

-- 테이블 compdata.user_tb 구조 내보내기
DROP TABLE IF EXISTS `user_tb`;
CREATE TABLE IF NOT EXISTS `user_tb` (
  `ID` bigint(20) NOT NULL DEFAULT '0',
  `USER_ID` varchar(255) DEFAULT NULL,
  `USER_NM` varchar(255) DEFAULT NULL,
  `PASSWORD` varchar(255) DEFAULT NULL,
  `EMAIL` varchar(255) DEFAULT NULL,
  `CONTACT` varchar(255) DEFAULT NULL,
  `FK_COMPANY_ID` bigint(20) DEFAULT NULL,
  `FK_CODE_ID_POSITION` varchar(255) DEFAULT NULL,
  `FK_CODE_ID_STATUS` varchar(255) DEFAULT NULL,
  `FK_USER_ID_CREATE` bigint(20) DEFAULT NULL,
  `FK_USER_ID_UPDATE` bigint(20) DEFAULT NULL,
  `CREATE_TIME` datetime DEFAULT NULL,
  `UPDATE_TIME` datetime DEFAULT NULL,
  PRIMARY KEY (`ID`),
  KEY `USER_ID` (`USER_ID`)
) ENGINE=MyISAM DEFAULT CHARSET=utf8;

-- 테이블 데이터 compdata.user_tb:6 rows 내보내기
DELETE FROM `user_tb`;
/*!40000 ALTER TABLE `user_tb` DISABLE KEYS */;
INSERT INTO `user_tb` (`ID`, `USER_ID`, `USER_NM`, `PASSWORD`, `EMAIL`, `CONTACT`, `FK_COMPANY_ID`, `FK_CODE_ID_POSITION`, `FK_CODE_ID_STATUS`, `FK_USER_ID_CREATE`, `FK_USER_ID_UPDATE`, `CREATE_TIME`, `UPDATE_TIME`) VALUES
	(100, 'admin', 'admin', '', 'admin@admin.com', '010-0000-0000', NULL, NULL, '30002', NULL, NULL, NULL, '2017-11-20 00:21:38'),
	(1, 'mark', 'mark', '$2a$10$QIWJYadawFt4QQut5MRgdeSMQKFPROQELPWphpGgHYQl3VwLsqcgS', 'mark@mark.com', '010-0000-0000', 1, '31001', '30002', NULL, NULL, '2017-10-31 13:10:18', '2017-10-31 13:10:18'),
	(2, 'john', 'john', '$2a$10$LUVfN36xEPS4kqD7NNUuUemaI30J6wzYpkYN6X7UzYhpDun6vaLFC', 'john@john.com', '010-0000-0000', 1, '31002', '30002', NULL, NULL, '2017-10-31 13:10:18', '2017-10-31 13:10:18'),
	(3, 'ryan', 'ryan', '$2a$10$RwAaoqOzsS9J1RSivRozUeOj1Bs/uExeP1TMa6wG21zwll3Yp9DUC', 'ryan@ryan.com', '010-0000-0000', 1, '31003', '30002', NULL, NULL, '2017-10-31 13:10:18', '2017-10-31 13:10:18'),
	(4, 'test', 'test', '$2a$10$ptMDU9t4/oZe8YC2x3kCkOcQvM6.8u9paBTSxzzUe9a7m8/suWQPm', 'test@test.com', '010-0000-0000', 1, '31003', '30002', NULL, NULL, '2017-10-31 13:10:18', '2017-10-31 13:10:18'),
	(0, 'abc', 'abc', '$2a$10$inilIIMPMwoQEx275PRDKO2ny2LIWoxb6QNqynr/uY0HQ3.AwyqOi', 'jiwonjg@hanmail.net', '01011112222', 2, '31003', '30001', NULL, NULL, '2017-12-11 01:02:41', '2017-12-11 01:02:41');
/*!40000 ALTER TABLE `user_tb` ENABLE KEYS */;

/*!40101 SET SQL_MODE=IFNULL(@OLD_SQL_MODE, '') */;
/*!40014 SET FOREIGN_KEY_CHECKS=IF(@OLD_FOREIGN_KEY_CHECKS IS NULL, 1, @OLD_FOREIGN_KEY_CHECKS) */;
/*!40101 SET CHARACTER_SET_CLIENT=@OLD_CHARACTER_SET_CLIENT */;
